phenomenon,item_id,content,randomized_option_order,randomized_labels_complex,randomized_violated_maxims,randomized_true_answer,original_labels_complex,original_violated_maxims,is_example,prompt,seed,generation,sum_logits
MV,1,"Bob is having a lunch meeting with his boss, Mr. James. Mr. James asks Bob: ""Did you like the presentation that I gave at the board meeting yesterday?"" Bob responds: ""I cannot wait for our trip to Japan next week."" Why has Bob responded like this?","[1, 4, 3, 2]","['IncorrectLiteral', 'IncorrectAssociate', 'CorrectNonLiteral', 'IncorrectNonLiteral']","['RelevanceMaxim', 'RelevanceMaxim', 'RelevanceMaxim', 'RelevanceMaxim']",3,"['IncorrectLiteral', 'IncorrectNonLiteral', 'CorrectNonLiteral', 'IncorrectAssociate']","['RelevanceMaxim', 'RelevanceMaxim', 'RelevanceMaxim', 'RelevanceMaxim']",False,"Task: You will read short stories that describe everyday situations. Each story will be followed by a response of one of the characters in that scenario. Read each story and associated responses. Your task is to give a plausible explanation of why the character in the story responds in that way. Keep your explanation short and brief. Scenario: Bob is having a lunch meeting with his boss, Mr. James. Mr. James asks Bob: ""Did you like the presentation that I gave at the board meeting yesterday?"" Bob responds: ""I cannot wait for our trip to Japan next week."" Why has Bob responded like this?",0,Bob is looking forward to his trip to Japan.,-581978.5625
MV,2,"Richard came to visit his friend, Alex. Alex is an artist. Richard brought one of his artworks to Alex and asked Alex: ""What do you think of my painting?"" Alex responds, ""Have you noticed that I painted the walls?"" Why has Alex responded like this?","[1, 4, 3, 2]","['IncorrectLiteral', 'IncorrectAssociate', 'IncorrectNonLiteral', 'CorrectNonLiteral']","['RelevanceMaxim', 'RelevanceMaxim', 'RelevanceMaxim', 'RelevanceMaxim']",4,"['IncorrectLiteral', 'CorrectNonLiteral', 'IncorrectNonLiteral', 'IncorrectAssociate']","['RelevanceMaxim', 'RelevanceMaxim', 'RelevanceMaxim', 'RelevanceMaxim']",False,"Task: You will read short stories that describe everyday situations. Each story will be followed by a response of one of the characters in that scenario. Read each story and associated responses. Your task is to give a plausible explanation of why the character in the story responds in that way. Keep your explanation short and brief. Scenario: Richard came to visit his friend, Alex. Alex is an artist. Richard brought one of his artworks to Alex and asked Alex: ""What do you think of my painting?"" Alex responds, ""Have you noticed that I painted the walls?"" Why has Alex responded like this?",0,Alex is a painter and he has painted many walls.,-542493.875
MV,3,"Leslie and Jane are chatting at a coffee shop. Leslie asks, ""Who was that man that I saw you with last night?"" Jane responds, ""The latte is unbelievable here."" Why has Jane responded like this?","[4, 1, 2, 3]","['IncorrectAssociate', 'IncorrectLiteral', 'CorrectNonLiteral', 'IncorrectNonLiteral']","['RelevanceMaxim', 'RelevanceMaxim', 'RelevanceMaxim', 'RelevanceMaxim']",3,"['IncorrectLiteral', 'CorrectNonLiteral', 'IncorrectNonLiteral', 'IncorrectAssociate']","['RelevanceMaxim', 'RelevanceMaxim', 'RelevanceMaxim', 'RelevanceMaxim']",False,"Task: You will read short stories that describe everyday situations. Each story will be followed by a response of one of the characters in that scenario. Read each story and associated responses. Your task is to give a plausible explanation of why the character in the story responds in that way. Keep your explanation short and brief. Scenario: Leslie and Jane are chatting at a coffee shop. Leslie asks, ""Who was that man that I saw you with last night?"" Jane responds, ""The latte is unbelievable here."" Why has Jane responded like this?",0,Jane is not interested in the man she was with last night.,-615436.875
MV,4,"Kelsey is in a bad mood. Every minor thing irritates her. When she sees her husband watching a football game, she yells: ""Can you turn off the TV?"" Her husband replies: ""Beer and chips would be awesome. Thanks!"" Why has Kelsey's husband responded like this?","[4, 2, 1, 3]","['IncorrectAssociate', 'CorrectNonLiteral', 'IncorrectLiteral', 'IncorrectNonLiteral']","['RelevanceMaxim', 'RelevanceMaxim', 'RelevanceMaxim', 'RelevanceMaxim']",2,"['IncorrectLiteral', 'CorrectNonLiteral', 'IncorrectNonLiteral', 'IncorrectAssociate']","['RelevanceMaxim', 'RelevanceMaxim', 'RelevanceMaxim', 'RelevanceMaxim']",False,"Task: You will read short stories that describe everyday situations. Each story will be followed by a response of one of the characters in that scenario. Read each story and associated responses. Your task is to give a plausible explanation of why the character in the story responds in that way. Keep your explanation short and brief. Scenario: Kelsey is in a bad mood. Every minor thing irritates her. When she sees her husband watching a football game, she yells: ""Can you turn off the TV?"" Her husband replies: ""Beer and chips would be awesome. Thanks!"" Why has Kelsey's husband responded like this?",0,Kelsey is in a bad mood and wants to eat.,-532268.5625
MV,5,"Mark is discussing Jane, a senior financial manager who he hired, with his colleague John. Mark asks: ""How is Jane managing her new position?"" Mark says: ""She has excellent handwriting and is always dressed so nicely."" Why has Mark responded like this?","[2, 3, 1, 4]","['CorrectNonLiteral', 'IncorrectNonLiteral', 'IncorrectLiteral', 'IncorrectAssociate']","['RelevanceMaxim', 'RelevanceMaxim', 'RelevanceMaxim', 'RelevanceMaxim']",1,"['IncorrectLiteral', 'CorrectNonLiteral', 'IncorrectNonLiteral', 'IncorrectAssociate']","['RelevanceMaxim', 'RelevanceMaxim', 'RelevanceMaxim', 'RelevanceMaxim']",False,"Task: You will read short stories that describe everyday situations. Each story will be followed by a response of one of the characters in that scenario. Read each story and associated responses. Your task is to give a plausible explanation of why the character in the story responds in that way. Keep your explanation short and brief. Scenario: Mark is discussing Jane, a senior financial manager who he hired, with his colleague John. Mark asks: ""How is Jane managing her new position?"" Mark says: ""She has excellent handwriting and is always dressed so nicely."" Why has Mark responded like this?",0,He is a good judge of character.,-557000.125
MV,6,"Lucy discusses her trip to Paris with her mom. Lucy says: ""I'd like to visit Vincent when I am in Paris. Where does he live?"" Her mom responds: ""Somewhere in France."" Why has Lucy's mom responded like this?","[3, 4, 2, 1]","['IncorrectNonLiteral', 'IncorrectAssociate', 'CorrectNonLiteral', 'IncorrectLiteral']","['QuantityMaxim', 'QuantityMaxim', 'QuantityMaxim', 'QuantityMaxim']",3,"['IncorrectLiteral', 'CorrectNonLiteral', 'IncorrectNonLiteral', 'IncorrectAssociate']","['QuantityMaxim', 'QuantityMaxim', 'QuantityMaxim', 'QuantityMaxim']",False,"Task: You will read short stories that describe everyday situations. Each story will be followed by a response of one of the characters in that scenario. Read each story and associated responses. Your task is to give a plausible explanation of why the character in the story responds in that way. Keep your explanation short and brief. Scenario: Lucy discusses her trip to Paris with her mom. Lucy says: ""I'd like to visit Vincent when I am in Paris. Where does he live?"" Her mom responds: ""Somewhere in France."" Why has Lucy's mom responded like this?",0,She knows where Vincent lives.,-517060.5
MV,7,"Luke missed a wedding reception and wants his wife Melanie to tell him about it. He asks: ""What were you served at the wedding?"" She responds: ""Some food."" Why has Melanie responded like this?","[4, 1, 3, 2]","['IncorrectLiteral', 'IncorrectAssociate', 'CorrectNonLiteral', 'IncorrectNonLiteral']","['QuantityMaxim', 'QuantityMaxim', 'QuantityMaxim', 'QuantityMaxim']",3,"['IncorrectAssociate', 'IncorrectNonLiteral', 'CorrectNonLiteral', 'IncorrectLiteral']","['QuantityMaxim', 'QuantityMaxim', 'QuantityMaxim', 'QuantityMaxim']",False,"Task: You will read short stories that describe everyday situations. Each story will be followed by a response of one of the characters in that scenario. Read each story and associated responses. Your task is to give a plausible explanation of why the character in the story responds in that way. Keep your explanation short and brief. Scenario: Luke missed a wedding reception and wants his wife Melanie to tell him about it. He asks: ""What were you served at the wedding?"" She responds: ""Some food."" Why has Melanie responded like this?",0,She is not interested in talking about the wedding.,-481153.5
MV,8,"Mary and Ken are having breakfast. Ken asks Mary: ""How would you like your tea, dear?"" Mary responds, ""In a cup."" Why has Mary responded like this?","[1, 2, 3, 4]","['IncorrectLiteral', 'CorrectNonLiteral', 'IncorrectAssociate', 'IncorrectNonLiteral']","['QuantityMaxim', 'QuantityMaxim', 'QuantityMaxim', 'QuantityMaxim']",2,"['IncorrectLiteral', 'CorrectNonLiteral', 'IncorrectAssociate', 'IncorrectNonLiteral']","['QuantityMaxim', 'QuantityMaxim', 'QuantityMaxim', 'QuantityMaxim']",False,"Task: You will read short stories that describe everyday situations. Each story will be followed by a response of one of the characters in that scenario. Read each story and associated responses. Your task is to give a plausible explanation of why the character in the story responds in that way. Keep your explanation short and brief. Scenario: Mary and Ken are having breakfast. Ken asks Mary: ""How would you like your tea, dear?"" Mary responds, ""In a cup."" Why has Mary responded like this?",0,Mary is a tea drinker.,-550487.9375
MV,9,"George and Cindy are about to enter their favorite shoe shop in the mall. George asks Cindy: ""What would you like to buy?"" Cindy responds: ""A pair of shoes."" Why has Cindy responded like this?","[1, 4, 3, 2]","['IncorrectLiteral', 'IncorrectAssociate', 'IncorrectNonLiteral', 'CorrectNonLiteral']","['QuantityMaxim', 'QuantityMaxim', 'QuantityMaxim', 'QuantityMaxim']",4,"['IncorrectLiteral', 'CorrectNonLiteral', 'IncorrectNonLiteral', 'IncorrectAssociate']","['QuantityMaxim', 'QuantityMaxim', 'QuantityMaxim', 'QuantityMaxim']",False,"Task: You will read short stories that describe everyday situations. Each story will be followed by a response of one of the characters in that scenario. Read each story and associated responses. Your task is to give a plausible explanation of why the character in the story responds in that way. Keep your explanation short and brief. Scenario: George and Cindy are about to enter their favorite shoe shop in the mall. George asks Cindy: ""What would you like to buy?"" Cindy responds: ""A pair of shoes."" Why has Cindy responded like this?",0,Cindy is a shoe lover.,-510779.0
MV,10,"Mike comes home from school. His mom asks him: ""What did you do at school today?"" Mike responds: ""some schoolwork."" Why has Mike responded like this?","[4, 3, 1, 2]","['IncorrectNonLiteral', 'IncorrectAssociate', 'IncorrectLiteral', 'CorrectNonLiteral']","['QuantityMaxim', 'QuantityMaxim', 'QuantityMaxim', 'QuantityMaxim']",4,"['IncorrectLiteral', 'CorrectNonLiteral', 'IncorrectAssociate', 'IncorrectNonLiteral']","['QuantityMaxim', 'QuantityMaxim', 'QuantityMaxim', 'QuantityMaxim']",False,"Task: You will read short stories that describe everyday situations. Each story will be followed by a response of one of the characters in that scenario. Read each story and associated responses. Your task is to give a plausible explanation of why the character in the story responds in that way. Keep your explanation short and brief. Scenario: Mike comes home from school. His mom asks him: ""What did you do at school today?"" Mike responds: ""some schoolwork."" Why has Mike responded like this?",0,Mike is not interested in talking about his day.,-582239.0
MV,11,"Mark, who is a newlywed, is talking to his mom over the phone. His mom asks: ""Did Julie cook your dinner last night?"" Mark responds: ""Well, she placed a number of edible substances into a pot and then heated them until various chemical reactions took place."" Why has Mark responded like this?","[2, 1, 4, 3]","['CorrectNonLiteral', 'IncorrectAssociate', 'IncorrectNonLiteral', 'IncorrectLiteral']","['MannerMaxim', 'MannerMaxim', 'MannerMaxim', 'MannerMaxim']",1,"['IncorrectAssociate', 'CorrectNonLiteral', 'IncorrectLiteral', 'IncorrectNonLiteral']","['MannerMaxim', 'MannerMaxim', 'MannerMaxim', 'MannerMaxim']",False,"Task: You will read short stories that describe everyday situations. Each story will be followed by a response of one of the characters in that scenario. Read each story and associated responses. Your task is to give a plausible explanation of why the character in the story responds in that way. Keep your explanation short and brief. Scenario: Mark, who is a newlywed, is talking to his mom over the phone. His mom asks: ""Did Julie cook your dinner last night?"" Mark responds: ""Well, she placed a number of edible substances into a pot and then heated them until various chemical reactions took place."" Why has Mark responded like this?",0,He is joking.,-473294.9375
MV,12,"Lenny comes to the kitchen and asks his wife, Marcie: ""What will we have for breakfast?"" Marcie responds: ""A hard-boiled egg cooked in hot water and toast that is toasted evenly on both sides."" Why has Marcie responded in such a way?","[4, 2, 1, 3]","['IncorrectAssociate', 'CorrectNonLiteral', 'IncorrectLiteral', 'IncorrectNonLiteral']","['MannerMaxim', 'MannerMaxim', 'MannerMaxim', 'MannerMaxim']",2,"['IncorrectLiteral', 'CorrectNonLiteral', 'IncorrectNonLiteral', 'IncorrectAssociate']","['MannerMaxim', 'MannerMaxim', 'MannerMaxim', 'MannerMaxim']",False,"Task: You will read short stories that describe everyday situations. Each story will be followed by a response of one of the characters in that scenario. Read each story and associated responses. Your task is to give a plausible explanation of why the character in the story responds in that way. Keep your explanation short and brief. Scenario: Lenny comes to the kitchen and asks his wife, Marcie: ""What will we have for breakfast?"" Marcie responds: ""A hard-boiled egg cooked in hot water and toast that is toasted evenly on both sides."" Why has Marcie responded in such a way?",0,Marcie is a good cook.,-512959.0625
MV,14,"Mike and Melissa are arguing about the state of secondary education in their state. Mike states: ""Standardized test scores are up 42% in our schools."" Melissa responds: ""And 47% of the kids didn't use the right pencil, 6% were chewing gum during the exam, and 32% yawned while completing their exams."" Why has Melissa responded like this?","[4, 2, 1, 3]","['IncorrectNonLiteral', 'CorrectNonLiteral', 'IncorrectAssociate', 'IncorrectLiteral']","['MannerMaxim', 'MannerMaxim', 'MannerMaxim', 'MannerMaxim']",2,"['IncorrectAssociate', 'CorrectNonLiteral', 'IncorrectLiteral', 'IncorrectNonLiteral']","['MannerMaxim', 'MannerMaxim', 'MannerMaxim', 'MannerMaxim']",False,"Task: You will read short stories that describe everyday situations. Each story will be followed by a response of one of the characters in that scenario. Read each story and associated responses. Your task is to give a plausible explanation of why the character in the story responds in that way. Keep your explanation short and brief. Scenario: Mike and Melissa are arguing about the state of secondary education in their state. Mike states: ""Standardized test scores are up 42% in our schools."" Melissa responds: ""And 47% of the kids didn't use the right pencil, 6% were chewing gum during the exam, and 32% yawned while completing their exams."" Why has Melissa responded like this?",0,Melissa is a teacher.,-471646.96875
MV,15,"Rosy notes to her friend Dan: ""Those strangers at the other end of the subway car are nice."" Dan replies: ""Yeah, I bet they have only sweet dreams, eat organic food, do yoga every morning, plant trees, feed homeless, and read a lot of good books."" Why has Dan responded like this?","[1, 4, 2, 3]","['IncorrectLiteral', 'IncorrectNonLiteral', 'CorrectNonLiteral', 'IncorrectAssociate']","['MannerMaxim', 'MannerMaxim', 'MannerMaxim', 'MannerMaxim']",3,"['IncorrectLiteral', 'CorrectNonLiteral', 'IncorrectAssociate', 'IncorrectNonLiteral']","['MannerMaxim', 'MannerMaxim', 'MannerMaxim', 'MannerMaxim']",False,"Task: You will read short stories that describe everyday situations. Each story will be followed by a response of one of the characters in that scenario. Read each story and associated responses. Your task is to give a plausible explanation of why the character in the story responds in that way. Keep your explanation short and brief. Scenario: Rosy notes to her friend Dan: ""Those strangers at the other end of the subway car are nice."" Dan replies: ""Yeah, I bet they have only sweet dreams, eat organic food, do yoga every morning, plant trees, feed homeless, and read a lot of good books."" Why has Dan responded like this?",0,Dan is a snob.,-518837.65625
MV,16,"Berta often forgets to return money that she borrows from her friends. One day Berta asks her friend Freddie for $500. Freddie responds: ""Of course, but only when I fly to space."" Why has Freddie responded like this?","[2, 1, 4, 3]","['CorrectNonLiteral', 'IncorrectLiteral', 'IncorrectAssociate', 'IncorrectNonLiteral']","['QualityMaxim', 'QualityMaxim', 'QualityMaxim', 'QualityMaxim']",1,"['IncorrectLiteral', 'CorrectNonLiteral', 'IncorrectNonLiteral', 'IncorrectAssociate']","['QualityMaxim', 'QualityMaxim', 'QualityMaxim', 'QualityMaxim']",False,"Task: You will read short stories that describe everyday situations. Each story will be followed by a response of one of the characters in that scenario. Read each story and associated responses. Your task is to give a plausible explanation of why the character in the story responds in that way. Keep your explanation short and brief. Scenario: Berta often forgets to return money that she borrows from her friends. One day Berta asks her friend Freddie for $500. Freddie responds: ""Of course, but only when I fly to space."" Why has Freddie responded like this?",0,Berta is a bad friend.,-501126.1875
MV,17,"Lars and Katy are discussing their CEO. Lars says: ""People regard our CEO Mr. Smith as a real intellectual."" Katy responds: ""Sure, he is regarded as an intellectual by kindergarteners."" Why has Katy responded like this?","[3, 4, 2, 1]","['IncorrectNonLiteral', 'IncorrectAssociate', 'CorrectNonLiteral', 'IncorrectLiteral']","['QualityMaxim', 'QualityMaxim', 'QualityMaxim', 'QualityMaxim']",3,"['IncorrectLiteral', 'CorrectNonLiteral', 'IncorrectNonLiteral', 'IncorrectAssociate']","['QualityMaxim', 'QualityMaxim', 'QualityMaxim', 'QualityMaxim']",False,"Task: You will read short stories that describe everyday situations. Each story will be followed by a response of one of the characters in that scenario. Read each story and associated responses. Your task is to give a plausible explanation of why the character in the story responds in that way. Keep your explanation short and brief. Scenario: Lars and Katy are discussing their CEO. Lars says: ""People regard our CEO Mr. Smith as a real intellectual."" Katy responds: ""Sure, he is regarded as an intellectual by kindergarteners."" Why has Katy responded like this?",0,Katy is a kindergarten teacher.,-489216.8125
MV,18,"Samantha is talking with her dad about her fiance. Samantha notes: ""John is an innocent person."" Her dad replies: ""Undoubtedly, as innocent as a saint."" Why has Samantha's dad responded like this?","[4, 1, 3, 2]","['IncorrectNonLiteral', 'IncorrectLiteral', 'CorrectNonLiteral', 'IncorrectAssociate']","['QualityMaxim', 'QualityMaxim', 'QualityMaxim', 'QualityMaxim']",3,"['IncorrectLiteral', 'IncorrectAssociate', 'CorrectNonLiteral', 'IncorrectNonLiteral']","['QualityMaxim', 'QualityMaxim', 'QualityMaxim', 'QualityMaxim']",False,"Task: You will read short stories that describe everyday situations. Each story will be followed by a response of one of the characters in that scenario. Read each story and associated responses. Your task is to give a plausible explanation of why the character in the story responds in that way. Keep your explanation short and brief. Scenario: Samantha is talking with her dad about her fiance. Samantha notes: ""John is an innocent person."" Her dad replies: ""Undoubtedly, as innocent as a saint."" Why has Samantha's dad responded like this?",0,He is a religious person.,-506211.0
MV,19,"Lenny is saying goodbye to his date Bianka. Lenny asks Bianka: ""Where do you live?"" Bianka responds: ""I live on the moon."" Why has Bianka responded like this?","[3, 4, 2, 1]","['IncorrectNonLiteral', 'IncorrectAssociate', 'CorrectNonLiteral', 'IncorrectLiteral']","['QualityMaxim', 'QualityMaxim', 'QualityMaxim', 'QualityMaxim']",3,"['IncorrectLiteral', 'CorrectNonLiteral', 'IncorrectNonLiteral', 'IncorrectAssociate']","['QualityMaxim', 'QualityMaxim', 'QualityMaxim', 'QualityMaxim']",False,"Task: You will read short stories that describe everyday situations. Each story will be followed by a response of one of the characters in that scenario. Read each story and associated responses. Your task is to give a plausible explanation of why the character in the story responds in that way. Keep your explanation short and brief. Scenario: Lenny is saying goodbye to his date Bianka. Lenny asks Bianka: ""Where do you live?"" Bianka responds: ""I live on the moon."" Why has Bianka responded like this?",0,Bianka is joking.,-536680.875
MV,20,"Annie and Kelly are discussing their plans for summer. Annie asks Kelly: ""How many books do you plan to read this summer?"" Kelly responds: ""A million."" Why has Kelly responded like this?","[4, 1, 3, 2]","['IncorrectNonLiteral', 'IncorrectLiteral', 'IncorrectAssociate', 'CorrectNonLiteral']","['QualityMaxim', 'QualityMaxim', 'QualityMaxim', 'QualityMaxim']",4,"['IncorrectLiteral', 'CorrectNonLiteral', 'IncorrectAssociate', 'IncorrectNonLiteral']","['QualityMaxim', 'QualityMaxim', 'QualityMaxim', 'QualityMaxim']",False,"Task: You will read short stories that describe everyday situations. Each story will be followed by a response of one of the characters in that scenario. Read each story and associated responses. Your task is to give a plausible explanation of why the character in the story responds in that way. Keep your explanation short and brief. Scenario: Annie and Kelly are discussing their plans for summer. Annie asks Kelly: ""How many books do you plan to read this summer?"" Kelly responds: ""A million."" Why has Kelly responded like this?",0,Kelly is a bookworm.,-527226.5
