phenomenon,speaker,item_number,prompt,inference_type,randomized_option_order,randomized_labels_complex,randomized_violated_maxims,randomized_true_answer,original_labels_complex,original_violated_maxims,target,competitor,distractor_1,distractor_2
MV,Bob,1,"Bob is having a lunch meeting with his boss, Mr. James. Mr. James asks Bob: ""Did you like the presentation that I gave at the board meeting yesterday?"" Bob responds: ""I cannot wait for our trip to Japan next week.""",relevance,"[3, 1, 4, 2]","['CorrectNonLiteral', 'IncorrectLiteral', 'IncorrectAssociate', 'IncorrectNonLiteral']","['RelevanceMaxim', 'RelevanceMaxim', 'RelevanceMaxim', 'RelevanceMaxim']",1,"['IncorrectLiteral', 'IncorrectNonLiteral', 'CorrectNonLiteral', 'IncorrectAssociate']","['RelevanceMaxim', 'RelevanceMaxim', 'RelevanceMaxim', 'RelevanceMaxim']",He disliked the talk that his boss gave but does not want to criticize his boss.,He is excited about the upcoming trip to Japan and does not want to talk about anything else.,He liked the talk that his boss gave but does not want to tell him about it.,He wants to avoid going to Japan next week and wants to discuss it with his boss. 
MV,Alex,2,"Richard came to visit his friend, Alex. Alex is an artist. Richard brought one of his artworks to Alex and asked Alex: ""What do you think of my painting?"" Alex responds:""Have you noticed that I painted the walls?"" ",relevance,"[3, 1, 4, 2]","['IncorrectNonLiteral', 'IncorrectLiteral', 'IncorrectAssociate', 'CorrectNonLiteral']","['RelevanceMaxim', 'RelevanceMaxim', 'RelevanceMaxim', 'RelevanceMaxim']",4,"['IncorrectLiteral', 'CorrectNonLiteral', 'IncorrectNonLiteral', 'IncorrectAssociate']","['RelevanceMaxim', 'RelevanceMaxim', 'RelevanceMaxim', 'RelevanceMaxim']",Alex thinks that Richard's painting is mediocre., Alex is proud of the painting job that he did.,Alex wants Richards to help him paint the walls.,Alex is afraid that Richard will become a better painter than he is. 
MV,Jane,3,"Leslie and Jane are chatting at a coffee shop. Leslie asks, ""Who was that man that I saw you with last night?"" Jane responds: ""The latte is unbelievable here.""",relevance,"[2, 1, 4, 3]","['CorrectNonLiteral', 'IncorrectLiteral', 'IncorrectAssociate', 'IncorrectNonLiteral']","['RelevanceMaxim', 'RelevanceMaxim', 'RelevanceMaxim', 'RelevanceMaxim']",1,"['IncorrectLiteral', 'CorrectNonLiteral', 'IncorrectNonLiteral', 'IncorrectAssociate']","['RelevanceMaxim', 'RelevanceMaxim', 'RelevanceMaxim', 'RelevanceMaxim']",She does not want to discuss the topic that Leslie has raised.,She thinks that it is the best latte in the town.,The man who Leslie saw makes unbelievable lattes.,A coffee break is not a good time to discuss men.
MV,Her husband,4,"Kelsey is in a bad mood. Every minor thing irritates her. When she sees her husband watching a football game, she yells: ""Can you turn off the TV?"" Her husband replies:""Beer and chips would be awesome. Thanks!""",relevance,"[2, 3, 1, 4]","['CorrectNonLiteral', 'IncorrectNonLiteral', 'IncorrectLiteral', 'IncorrectAssociate']","['RelevanceMaxim', 'RelevanceMaxim', 'RelevanceMaxim', 'RelevanceMaxim']",1,"['IncorrectLiteral', 'CorrectNonLiteral', 'IncorrectNonLiteral', 'IncorrectAssociate']","['RelevanceMaxim', 'RelevanceMaxim', 'RelevanceMaxim', 'RelevanceMaxim']",He pretends that he did not understand his wife's comment because he wants to watch the game.,He is thankful for her offer of beer and chips.,He is happy to turn off the TV right away and to spend more time with his wife.,He is excited about seeing his wife. 
MV,Mark,5,"Mark is discussing Jane, a senior financial manager who he hired, with his colleague John. Mark asks: ""How is Jane managing her new position?"" Mark says:""She has excellent handwriting and is always dressed so nicely.""",relevance,"[4, 1, 2, 3]","['IncorrectAssociate', 'IncorrectLiteral', 'CorrectNonLiteral', 'IncorrectNonLiteral']","['RelevanceMaxim', 'RelevanceMaxim', 'RelevanceMaxim', 'RelevanceMaxim']",3,"['IncorrectLiteral', 'CorrectNonLiteral', 'IncorrectNonLiteral', 'IncorrectAssociate']","['RelevanceMaxim', 'RelevanceMaxim', 'RelevanceMaxim', 'RelevanceMaxim']",Mark's opinion of Jane as a financial manager is very low.,Mark is fond of people who have good handwriting.,Mark's opinion of Jane as a financial manager is very high.,Mark needs to get some new clothes.
MV,Her mom,6,"Lucy discusses her trip to Paris with her mom. Lucy says: ""I'd like to visit Vincent when I am in Paris. Where does he live?"" Her mom responds:""Somewhere in France.""",relevance,"[3, 2, 1, 4]","['IncorrectNonLiteral', 'CorrectNonLiteral', 'IncorrectLiteral', 'IncorrectAssociate']","['QuantityMaxim', 'QuantityMaxim', 'QuantityMaxim', 'QuantityMaxim']",2,"['IncorrectLiteral', 'CorrectNonLiteral', 'IncorrectNonLiteral', 'IncorrectAssociate']","['QuantityMaxim', 'QuantityMaxim', 'QuantityMaxim', 'QuantityMaxim']",Lucy's mom does not know where exactly Vincent lives., Lucy's mom knows that Vincent lives somewhere in France.,Lucy's mom is afraid that Lucy will go to France.,Lucy's mom is jealous that she is not going to Paris.
MV,Melanie,7,"Luke missed a wedding reception and wants his wife Melanie to tell him about it. He asks: ""What were you served at the wedding?"" She responds:""Some food.""",quantity,"[1, 3, 2, 4]","['IncorrectAssociate', 'CorrectNonLiteral', 'IncorrectNonLiteral', 'IncorrectLiteral']","['QuantityMaxim', 'QuantityMaxim', 'QuantityMaxim', 'QuantityMaxim']",2,"['IncorrectAssociate', 'IncorrectNonLiteral', 'CorrectNonLiteral', 'IncorrectLiteral']","['QuantityMaxim', 'QuantityMaxim', 'QuantityMaxim', 'QuantityMaxim']",The food at the wedding was mediocre.,There was not a lot of food at the wedding.,The food at the wedding was outstanding.,The wedding is not about food.
MV,Mary,8,"Mary and Ken are having breakfast. Ken asks Mary: ""How would you like your tea, dear?"" Mary responds:""In a cup.""",quantity,"[2, 4, 1, 3]","['CorrectNonLiteral', 'IncorrectNonLiteral', 'IncorrectLiteral', 'IncorrectAssociate']","['QuantityMaxim', 'QuantityMaxim', 'QuantityMaxim', 'QuantityMaxim']",1,"['IncorrectLiteral', 'CorrectNonLiteral', 'IncorrectAssociate', 'IncorrectNonLiteral']","['QuantityMaxim', 'QuantityMaxim', 'QuantityMaxim', 'QuantityMaxim']",Mary is irritated with Ken.,Mary wants Ken to serve her tea in a cup.,Mary wants Ken to wash a cup that she sees in the sink. ,Mary is proud of the new cups that she got from Ken for her birthday.
MV,Cindy,9,"George and Cindy are about to enter their favorite shoe shop in the mall. George asks Cindy: ""What would you like to buy?"" Cindy responds:""A pair of shoes.""",quantity,"[3, 1, 2, 4]","['IncorrectNonLiteral', 'IncorrectLiteral', 'CorrectNonLiteral', 'IncorrectAssociate']","['QuantityMaxim', 'QuantityMaxim', 'QuantityMaxim', 'QuantityMaxim']",3,"['IncorrectLiteral', 'CorrectNonLiteral', 'IncorrectNonLiteral', 'IncorrectAssociate']","['QuantityMaxim', 'QuantityMaxim', 'QuantityMaxim', 'QuantityMaxim']",Cindy does not know what type of shoes she wants to buy.,Cindy is excited about going shopping.,Cindy does not plan to buy anything but shoes in this store.,Cindy has an obsession with shoes and buys them on every occasion.
MV,Mike,10,"Mike comes home from school. His mom asks him: ""What did you do at school today?"" Mike responds:""Some schoolwork.""",quantity,"[1, 3, 4, 2]","['IncorrectLiteral', 'IncorrectAssociate', 'IncorrectNonLiteral', 'CorrectNonLiteral']","['QuantityMaxim', 'QuantityMaxim', 'QuantityMaxim', 'QuantityMaxim']",4,"['IncorrectLiteral', 'CorrectNonLiteral', 'IncorrectAssociate', 'IncorrectNonLiteral']","['QuantityMaxim', 'QuantityMaxim', 'QuantityMaxim', 'QuantityMaxim']",He does not want to talk about school with his mom.,He has been doing lots of schoolwork at school.,He is upset that his dad is not at home.,He is too excited to talk about this at the moment.
MV,Mark,11,"Mark, who is a newlywed, is talking to his mom over the phone. His mom asks: ""Did Julie cook your dinner last night?"" Mark responds:""Well, she placed a number of edible substances into a pot and then heated them until various chemical reactions took place.""",manner,"[3, 2, 4, 1]","['IncorrectLiteral', 'CorrectNonLiteral', 'IncorrectNonLiteral', 'IncorrectAssociate']","['MannerMaxim', 'MannerMaxim', 'MannerMaxim', 'MannerMaxim']",2,"['IncorrectAssociate', 'CorrectNonLiteral', 'IncorrectLiteral', 'IncorrectNonLiteral']","['MannerMaxim', 'MannerMaxim', 'MannerMaxim', 'MannerMaxim']",Mark's wife has little experience with cooking.,Mark's wife has been doing some scientific experiments instead of cooking.,Mark's wife has a lot of experience with cooking.,Mark's wife has been angry with Mark because he did not help her with dinner.  
MV,Marcie,12,"Lenny comes to the kitchen and asks his wife, Marcie: ""What will we have for breakfast?"" Marcie responds:""A hard-boiled egg cooked in hot water and toast that is toasted evenly on both sides.""",manner,"[3, 4, 1, 2]","['IncorrectNonLiteral', 'IncorrectAssociate', 'IncorrectLiteral', 'CorrectNonLiteral']","['MannerMaxim', 'MannerMaxim', 'MannerMaxim', 'MannerMaxim']",4,"['IncorrectLiteral', 'CorrectNonLiteral', 'IncorrectNonLiteral', 'IncorrectAssociate']","['MannerMaxim', 'MannerMaxim', 'MannerMaxim', 'MannerMaxim']",Marcie thinks that her husband's expectations about breakfast are too high.,Marcie wants Lenny to know how his breakfast was made.,Marcie is really good at cooking eggs and making toast.,Marcie thinks that breakfast is the main meal of the day.
MV,Melissa,13,"Mike and Melissa are arguing about the state of secondary education in their state. Mike states: ""Standardized test scores are up 42% in our schools."" Melissa responds:""And 47% of the kids didn't use the right pencil, 6% were chewing gum during the exam, and 32% yawned while completing their exams.""",manner,"[1, 4, 3, 2]","['IncorrectAssociate', 'IncorrectNonLiteral', 'IncorrectLiteral', 'CorrectNonLiteral']","['MannerMaxim', 'MannerMaxim', 'MannerMaxim', 'MannerMaxim']",4,"['IncorrectAssociate', 'CorrectNonLiteral', 'IncorrectLiteral', 'IncorrectNonLiteral']","['MannerMaxim', 'MannerMaxim', 'MannerMaxim', 'MannerMaxim']",Melissa thinks that statistical information is useless in this debate.,Melissa thinks that statistical information is of great use in this debate.,Melissa is very knowledgeable about the system of secondary education.,Melissa thinks that kids attending schools lack subject knowledge. 
MV,Dan,14,"Rosy notes to her friend Dan: ""Those strangers at the other end of the subway car are nice."" Dan replies:""Yeah, I bet they have only sweet dreams, eat organic food, do yoga every morning, plant trees, feed homeless, and read a lot of good books."" ",manner,"[1, 2, 4, 3]","['IncorrectLiteral', 'CorrectNonLiteral', 'IncorrectNonLiteral', 'IncorrectAssociate']","['MannerMaxim', 'MannerMaxim', 'MannerMaxim', 'MannerMaxim']",2,"['IncorrectLiteral', 'CorrectNonLiteral', 'IncorrectAssociate', 'IncorrectNonLiteral']","['MannerMaxim', 'MannerMaxim', 'MannerMaxim', 'MannerMaxim']",He thinks that Rosy has no reason to believe that the strangers are nice.,He thinks that people who ride subways have many good habits.,He thinks that people who ride subways have many bad habits.,He knows these people and their lifestyle very well.
MV,Freddie,15,"Berta often forgets to return money that she borrows from her friends. One day Berta asks her friend Freddie for $500. Freddie responds:""Of course, but only when I fly to space.""",quality,"[3, 4, 1, 2]","['IncorrectNonLiteral', 'IncorrectAssociate', 'IncorrectLiteral', 'CorrectNonLiteral']","['QualityMaxim', 'QualityMaxim', 'QualityMaxim', 'QualityMaxim']",4,"['IncorrectLiteral', 'CorrectNonLiteral', 'IncorrectNonLiteral', 'IncorrectAssociate']","['QualityMaxim', 'QualityMaxim', 'QualityMaxim', 'QualityMaxim']",Freddie will never give Berta any money.,Freddie can give Berta some money that he will get for his space expedition.,Freddie is ready to give money to Berta without any questions.,Freddie considers giving the money to Berta. 
MV,Katy,16,"Lars and Katy are discussing their CEO. Lars says: ""People regard our CEO Mr. Smith as a real intellectual."" Katy responds:""Sure, he is regarded as an intellectual by kindergarteners.""",quality,"[3, 2, 1, 4]","['IncorrectNonLiteral', 'CorrectNonLiteral', 'IncorrectLiteral', 'IncorrectAssociate']","['QualityMaxim', 'QualityMaxim', 'QualityMaxim', 'QualityMaxim']",2,"['IncorrectLiteral', 'CorrectNonLiteral', 'IncorrectNonLiteral', 'IncorrectAssociate']","['QualityMaxim', 'QualityMaxim', 'QualityMaxim', 'QualityMaxim']",Katy doubts that Mr. Smith is a smart individual.,Katy agrees that Mr. Smith is a smart individual.,Katy thinks that Mr. Smith works at a kindergarten.,Katy knows that Mr. Smith's kids are kindergarteners.
MV,Samanthaâ€™s dad,17,"Samantha is talking with her dad about her fiance. Samantha notes: ""John is an innocent person."" Her dad replies:""Undoubtedly, as innocent as a saint.""",quality,"[4, 2, 1, 3]","['IncorrectNonLiteral', 'IncorrectAssociate', 'IncorrectLiteral', 'CorrectNonLiteral']","['QualityMaxim', 'QualityMaxim', 'QualityMaxim', 'QualityMaxim']",4,"['IncorrectLiteral', 'IncorrectAssociate', 'CorrectNonLiteral', 'IncorrectNonLiteral']","['QualityMaxim', 'QualityMaxim', 'QualityMaxim', 'QualityMaxim']",Samantha's dad thinks that Samantha has an incorrect view of her fiance.,Samantha's dad thinks that Samantha's fiance is a saint.,Samantha's dad is impressed with John's innocence.,Samantha's dad thinks that John is too religious. 
MV,Bianka,18,"Lenny is saying goodbye to his date Bianka. Lenny asks Bianka: ""Where do you live?"" Bianka responds:""I live on the moon.""",quality,"[4, 2, 1, 3]","['IncorrectAssociate', 'CorrectNonLiteral', 'IncorrectLiteral', 'IncorrectNonLiteral']","['QualityMaxim', 'QualityMaxim', 'QualityMaxim', 'QualityMaxim']",2,"['IncorrectLiteral', 'CorrectNonLiteral', 'IncorrectNonLiteral', 'IncorrectAssociate']","['QualityMaxim', 'QualityMaxim', 'QualityMaxim', 'QualityMaxim']","Bianka does not want Lenny to know her address.
",Bianka is an alien.,Bianka is not very well educated.,Bianka tries to make Lenny angry with her.
MV,Kelly,19,"Annie and Kelly are discussing their plans for summer. Annie asks Kelly: ""How many books do you plan to read this summer?"" Kelly responds:""A million.""",quality,"[1, 3, 4, 2]","['IncorrectLiteral', 'IncorrectAssociate', 'IncorrectNonLiteral', 'CorrectNonLiteral']","['QualityMaxim', 'QualityMaxim', 'QualityMaxim', 'QualityMaxim']",4,"['IncorrectLiteral', 'CorrectNonLiteral', 'IncorrectAssociate', 'IncorrectNonLiteral']","['QualityMaxim', 'QualityMaxim', 'QualityMaxim', 'QualityMaxim']",Kelly plans to devote a lot of time to reading this summer.,Kelly has made a list of books to read that contains one million titles.,Kelly cannot count very well.,Kelly is a pathological liar.