model_name,temperature,seed,item_id,phenomenon,prompt,prior_prompt,question,options,option_names,scale,rating_options,weighted_options,chosen_option,token_cond_log_probs,prior_token_log_probs,null_prior_token_log_probs
google/flan-t5-xl,0.1,0,1,maxims,"You will read a short story that describes an everyday situation. Your task is to rate how possible a given interpretation is of an utterance by a character in the story.Bob is having a lunch meeting with his boss, Mr. James. Mr. James asks Bob: ""Did you like the presentation that I gave at the board meeting yesterday?"" Bob responds: ""I cannot wait for our trip to Japan next week.""Why has Bob responded like this?
How would you rate the following answer: ","You will read a short story that describes an everyday situation. Your task is to rate how possible a given interpretation is of an utterance by a character in the story.
How would you rate the following answer: ",Why has Bob responded like this?,He disliked the talk that his boss gave but does not want to criticize his boss.,target,possible,"very impossible, impossible, neutral, possible, very possible",2.432145189152193,incorrect_literal,"[[-10.062641143798828], [-11.059062957763672], [-10.879176139831543], [-10.559537887573242], [-11.955519676208496]]","[[], [], [], [], []]","[[-9.893847465515137], [-10.70772647857666], [-9.880048751831055], [-8.731060028076172], [-10.908509254455566]]"
google/flan-t5-xl,0.1,0,1,maxims,"You will read a short story that describes an everyday situation. Your task is to rate how possible a given interpretation is of an utterance by a character in the story.Bob is having a lunch meeting with his boss, Mr. James. Mr. James asks Bob: ""Did you like the presentation that I gave at the board meeting yesterday?"" Bob responds: ""I cannot wait for our trip to Japan next week.""Why has Bob responded like this?
How would you rate the following answer: ","You will read a short story that describes an everyday situation. Your task is to rate how possible a given interpretation is of an utterance by a character in the story.
How would you rate the following answer: ",Why has Bob responded like this?,He is excited about the upcoming trip to Japan and does not want to talk about anything else.,incorrect_literal,possible,"very impossible, impossible, neutral, possible, very possible",3.4723324653305143,incorrect_literal,"[[-10.498307228088379], [-12.084145545959473], [-11.380339622497559], [-9.770934104919434], [-10.292231559753418]]","[[], [], [], [], []]","[[-10.501644134521484], [-11.695586204528809], [-10.972034454345703], [-9.123072624206543], [-9.815354347229004]]"
google/flan-t5-xl,0.1,0,1,maxims,"You will read a short story that describes an everyday situation. Your task is to rate how possible a given interpretation is of an utterance by a character in the story.Bob is having a lunch meeting with his boss, Mr. James. Mr. James asks Bob: ""Did you like the presentation that I gave at the board meeting yesterday?"" Bob responds: ""I cannot wait for our trip to Japan next week.""Why has Bob responded like this?
How would you rate the following answer: ","You will read a short story that describes an everyday situation. Your task is to rate how possible a given interpretation is of an utterance by a character in the story.
How would you rate the following answer: ",Why has Bob responded like this?,He liked the talk that his boss gave but does not want to tell him about it.,incorrect_nonliteral,possible,"very impossible, impossible, neutral, possible, very possible",2.2480924816890115,incorrect_literal,"[[-10.21827507019043], [-11.162278175354004], [-11.27182388305664], [-11.169295310974121], [-12.132994651794434]]","[[], [], [], [], []]","[[-10.165977478027344], [-11.03750228881836], [-10.356856346130371], [-9.030621528625488], [-10.665128707885742]]"
google/flan-t5-xl,0.1,0,1,maxims,"You will read a short story that describes an everyday situation. Your task is to rate how possible a given interpretation is of an utterance by a character in the story.Bob is having a lunch meeting with his boss, Mr. James. Mr. James asks Bob: ""Did you like the presentation that I gave at the board meeting yesterday?"" Bob responds: ""I cannot wait for our trip to Japan next week.""Why has Bob responded like this?
How would you rate the following answer: ","You will read a short story that describes an everyday situation. Your task is to rate how possible a given interpretation is of an utterance by a character in the story.
How would you rate the following answer: ",Why has Bob responded like this?,He wants to avoid going to Japan next week and wants to discuss it with his boss. ,incorrect_associate,possible,"very impossible, impossible, neutral, possible, very possible",1.2492037704781371,incorrect_literal,"[[-9.822620391845703], [-11.687978744506836], [-13.701875686645508], [-14.07065200805664], [-14.001388549804688]]","[[], [], [], [], []]","[[-10.050104141235352], [-11.058584213256836], [-10.35540771484375], [-8.918027877807617], [-10.468796730041504]]"
google/flan-t5-xl,0.1,0,2,maxims,"You will read a short story that describes an everyday situation. Your task is to rate how possible a given interpretation is of an utterance by a character in the story.Richard came to visit his friend, Alex. Alex is an artist. Richard brought one of his artworks to Alex and asked Alex: ""What do you think of my painting?"" Alex responds:""Have you noticed that I painted the walls?"" Why has Bob responded like this?
How would you rate the following answer: ","You will read a short story that describes an everyday situation. Your task is to rate how possible a given interpretation is of an utterance by a character in the story.
How would you rate the following answer: ",Why has Bob responded like this?,Alex thinks that Richard's painting is mediocre.,target,possible,"very impossible, impossible, neutral, possible, very possible",2.430517634596229,incorrect_literal,"[[-10.393205642700195], [-11.719693183898926], [-11.416336059570312], [-10.965473175048828], [-12.125472068786621]]","[[], [], [], [], []]","[[-9.979500770568848], [-11.545172691345215], [-10.450434684753418], [-8.253917694091797], [-10.5623197555542]]"
google/flan-t5-xl,0.1,0,2,maxims,"You will read a short story that describes an everyday situation. Your task is to rate how possible a given interpretation is of an utterance by a character in the story.Richard came to visit his friend, Alex. Alex is an artist. Richard brought one of his artworks to Alex and asked Alex: ""What do you think of my painting?"" Alex responds:""Have you noticed that I painted the walls?"" Why has Bob responded like this?
How would you rate the following answer: ","You will read a short story that describes an everyday situation. Your task is to rate how possible a given interpretation is of an utterance by a character in the story.
How would you rate the following answer: ",Why has Bob responded like this?, Alex is proud of the painting job that he did.,incorrect_literal,possible,"very impossible, impossible, neutral, possible, very possible",2.9253785152449847,incorrect_literal,"[[-10.103554725646973], [-11.542651176452637], [-10.83452320098877], [-10.026320457458496], [-10.886744499206543]]","[[], [], [], [], []]","[[-10.241296768188477], [-11.853875160217285], [-11.00052547454834], [-8.350920677185059], [-9.304367065429688]]"
google/flan-t5-xl,0.1,0,2,maxims,"You will read a short story that describes an everyday situation. Your task is to rate how possible a given interpretation is of an utterance by a character in the story.Richard came to visit his friend, Alex. Alex is an artist. Richard brought one of his artworks to Alex and asked Alex: ""What do you think of my painting?"" Alex responds:""Have you noticed that I painted the walls?"" Why has Bob responded like this?
How would you rate the following answer: ","You will read a short story that describes an everyday situation. Your task is to rate how possible a given interpretation is of an utterance by a character in the story.
How would you rate the following answer: ",Why has Bob responded like this?,Alex wants Richards to help him paint the walls.,incorrect_nonliteral,possible,"very impossible, impossible, neutral, possible, very possible",2.2451179576801934,incorrect_literal,"[[-10.300615310668945], [-11.701631546020508], [-11.59947395324707], [-11.235492706298828], [-12.204341888427734]]","[[], [], [], [], []]","[[-10.057665824890137], [-11.506308555603027], [-10.690367698669434], [-8.216962814331055], [-9.860138893127441]]"
google/flan-t5-xl,0.1,0,2,maxims,"You will read a short story that describes an everyday situation. Your task is to rate how possible a given interpretation is of an utterance by a character in the story.Richard came to visit his friend, Alex. Alex is an artist. Richard brought one of his artworks to Alex and asked Alex: ""What do you think of my painting?"" Alex responds:""Have you noticed that I painted the walls?"" Why has Bob responded like this?
How would you rate the following answer: ","You will read a short story that describes an everyday situation. Your task is to rate how possible a given interpretation is of an utterance by a character in the story.
How would you rate the following answer: ",Why has Bob responded like this?,Alex is afraid that Richard will become a better painter than he is. ,incorrect_associate,possible,"very impossible, impossible, neutral, possible, very possible",2.336799274373102,incorrect_literal,"[[-10.116623878479004], [-11.429125785827637], [-10.86963176727295], [-10.965932846069336], [-12.003121376037598]]","[[], [], [], [], []]","[[-9.63611125946045], [-10.94474983215332], [-10.102940559387207], [-9.159412384033203], [-10.696232795715332]]"
google/flan-t5-xl,0.1,0,3,maxims,"You will read a short story that describes an everyday situation. Your task is to rate how possible a given interpretation is of an utterance by a character in the story.Leslie and Jane are chatting at a coffee shop. Leslie asks, ""Who was that man that I saw you with last night?"" Jane responds: ""The latte is unbelievable here.""Why has Bob responded like this?
How would you rate the following answer: ","You will read a short story that describes an everyday situation. Your task is to rate how possible a given interpretation is of an utterance by a character in the story.
How would you rate the following answer: ",Why has Bob responded like this?,She does not want to discuss the topic that Leslie has raised.,target,possible,"very impossible, impossible, neutral, possible, very possible",2.0508260203881457,incorrect_literal,"[[-9.890677452087402], [-11.520923614501953], [-11.44479751586914], [-11.234102249145508], [-12.01771354675293]]","[[], [], [], [], []]","[[-9.882405281066895], [-11.370697021484375], [-10.76156997680664], [-8.930728912353516], [-10.56673526763916]]"
google/flan-t5-xl,0.1,0,3,maxims,"You will read a short story that describes an everyday situation. Your task is to rate how possible a given interpretation is of an utterance by a character in the story.Leslie and Jane are chatting at a coffee shop. Leslie asks, ""Who was that man that I saw you with last night?"" Jane responds: ""The latte is unbelievable here.""Why has Bob responded like this?
How would you rate the following answer: ","You will read a short story that describes an everyday situation. Your task is to rate how possible a given interpretation is of an utterance by a character in the story.
How would you rate the following answer: ",Why has Bob responded like this?,She thinks that it is the best latte in the town.,incorrect_literal,possible,"very impossible, impossible, neutral, possible, very possible",2.651579706908985,incorrect_literal,"[[-10.342522621154785], [-11.5997953414917], [-10.851492881774902], [-10.582131385803223], [-11.764813423156738]]","[[], [], [], [], []]","[[-10.292542457580566], [-11.713033676147461], [-10.870492935180664], [-8.372695922851562], [-9.469429016113281]]"
google/flan-t5-xl,0.1,0,3,maxims,"You will read a short story that describes an everyday situation. Your task is to rate how possible a given interpretation is of an utterance by a character in the story.Leslie and Jane are chatting at a coffee shop. Leslie asks, ""Who was that man that I saw you with last night?"" Jane responds: ""The latte is unbelievable here.""Why has Bob responded like this?
How would you rate the following answer: ","You will read a short story that describes an everyday situation. Your task is to rate how possible a given interpretation is of an utterance by a character in the story.
How would you rate the following answer: ",Why has Bob responded like this?,The man who Leslie saw makes unbelievable lattes.,incorrect_nonliteral,possible,"very impossible, impossible, neutral, possible, very possible",1.864517530538107,incorrect_literal,"[[-10.23820972442627], [-11.795539855957031], [-11.7976655960083], [-12.092560768127441], [-12.716911315917969]]","[[], [], [], [], []]","[[-9.758157730102539], [-11.185012817382812], [-10.491482734680176], [-8.785640716552734], [-10.25319766998291]]"
google/flan-t5-xl,0.1,0,3,maxims,"You will read a short story that describes an everyday situation. Your task is to rate how possible a given interpretation is of an utterance by a character in the story.Leslie and Jane are chatting at a coffee shop. Leslie asks, ""Who was that man that I saw you with last night?"" Jane responds: ""The latte is unbelievable here.""Why has Bob responded like this?
How would you rate the following answer: ","You will read a short story that describes an everyday situation. Your task is to rate how possible a given interpretation is of an utterance by a character in the story.
How would you rate the following answer: ",Why has Bob responded like this?,A coffee break is not a good time to discuss men.,incorrect_associate,possible,"very impossible, impossible, neutral, possible, very possible",2.4636129941503224,incorrect_literal,"[[-9.863509178161621], [-10.796684265136719], [-10.433443069458008], [-10.533992767333984], [-11.379816055297852]]","[[], [], [], [], []]","[[-9.752764701843262], [-10.931676864624023], [-10.045108795166016], [-8.649848937988281], [-10.373225212097168]]"
google/flan-t5-xl,0.1,0,4,maxims,"You will read a short story that describes an everyday situation. Your task is to rate how possible a given interpretation is of an utterance by a character in the story.Kelsey is in a bad mood. Every minor thing irritates her. When she sees her husband watching a football game, she yells: ""Can you turn off the TV?"" Her husband replies:""Beer and chips would be awesome. Thanks!""Why has Bob responded like this?
How would you rate the following answer: ","You will read a short story that describes an everyday situation. Your task is to rate how possible a given interpretation is of an utterance by a character in the story.
How would you rate the following answer: ",Why has Bob responded like this?,He pretends that he did not understand his wife's comment because he wants to watch the game.,target,possible,"very impossible, impossible, neutral, possible, very possible",2.2619487872478365,target,"[[-9.975516319274902], [-11.302887916564941], [-11.03707218170166], [-10.967083930969238], [-11.823718070983887]]","[[], [], [], [], []]","[[-9.782954216003418], [-11.012322425842285], [-10.368037223815918], [-8.77234935760498], [-10.478341102600098]]"
google/flan-t5-xl,0.1,0,4,maxims,"You will read a short story that describes an everyday situation. Your task is to rate how possible a given interpretation is of an utterance by a character in the story.Kelsey is in a bad mood. Every minor thing irritates her. When she sees her husband watching a football game, she yells: ""Can you turn off the TV?"" Her husband replies:""Beer and chips would be awesome. Thanks!""Why has Bob responded like this?
How would you rate the following answer: ","You will read a short story that describes an everyday situation. Your task is to rate how possible a given interpretation is of an utterance by a character in the story.
How would you rate the following answer: ",Why has Bob responded like this?,He is thankful for her offer of beer and chips.,incorrect_literal,possible,"very impossible, impossible, neutral, possible, very possible",2.2574909436921273,target,"[[-9.755643844604492], [-11.413402557373047], [-11.302778244018555], [-11.065742492675781], [-11.152544021606445]]","[[], [], [], [], []]","[[-10.266300201416016], [-11.524066925048828], [-10.722442626953125], [-8.300739288330078], [-9.041038513183594]]"
google/flan-t5-xl,0.1,0,4,maxims,"You will read a short story that describes an everyday situation. Your task is to rate how possible a given interpretation is of an utterance by a character in the story.Kelsey is in a bad mood. Every minor thing irritates her. When she sees her husband watching a football game, she yells: ""Can you turn off the TV?"" Her husband replies:""Beer and chips would be awesome. Thanks!""Why has Bob responded like this?
How would you rate the following answer: ","You will read a short story that describes an everyday situation. Your task is to rate how possible a given interpretation is of an utterance by a character in the story.
How would you rate the following answer: ",Why has Bob responded like this?,He is happy to turn off the TV right away and to spend more time with his wife.,incorrect_nonliteral,possible,"very impossible, impossible, neutral, possible, very possible",1.8083051662746419,target,"[[-9.988789558410645], [-11.201933860778809], [-11.781786918640137], [-12.220274925231934], [-12.29620361328125]]","[[], [], [], [], []]","[[-10.401379585266113], [-11.549592018127441], [-10.898409843444824], [-8.885709762573242], [-9.682883262634277]]"
google/flan-t5-xl,0.1,0,4,maxims,"You will read a short story that describes an everyday situation. Your task is to rate how possible a given interpretation is of an utterance by a character in the story.Kelsey is in a bad mood. Every minor thing irritates her. When she sees her husband watching a football game, she yells: ""Can you turn off the TV?"" Her husband replies:""Beer and chips would be awesome. Thanks!""Why has Bob responded like this?
How would you rate the following answer: ","You will read a short story that describes an everyday situation. Your task is to rate how possible a given interpretation is of an utterance by a character in the story.
How would you rate the following answer: ",Why has Bob responded like this?,He is excited about seeing his wife. ,incorrect_associate,possible,"very impossible, impossible, neutral, possible, very possible",1.9497196850400462,target,"[[-10.194061279296875], [-11.267147064208984], [-11.437904357910156], [-12.080266952514648], [-12.452359199523926]]","[[], [], [], [], []]","[[-10.513664245605469], [-11.775604248046875], [-10.921868324279785], [-8.431318283081055], [-9.181633949279785]]"
google/flan-t5-xl,0.1,0,5,maxims,"You will read a short story that describes an everyday situation. Your task is to rate how possible a given interpretation is of an utterance by a character in the story.Mark is discussing Jane, a senior financial manager who he hired, with his colleague John. Mark asks: ""How is Jane managing her new position?"" Mark says:""She has excellent handwriting and is always dressed so nicely.""Why has Bob responded like this?
How would you rate the following answer: ","You will read a short story that describes an everyday situation. Your task is to rate how possible a given interpretation is of an utterance by a character in the story.
How would you rate the following answer: ",Why has Bob responded like this?,Mark's opinion of Jane as a financial manager is very low.,target,possible,"very impossible, impossible, neutral, possible, very possible",1.505417102968964,incorrect_literal,"[[-10.153780937194824], [-11.59244441986084], [-12.776288032531738], [-13.146449089050293], [-13.273005485534668]]","[[], [], [], [], []]","[[-9.623238563537598], [-11.22965145111084], [-10.444785118103027], [-9.174711227416992], [-10.880151748657227]]"
google/flan-t5-xl,0.1,0,5,maxims,"You will read a short story that describes an everyday situation. Your task is to rate how possible a given interpretation is of an utterance by a character in the story.Mark is discussing Jane, a senior financial manager who he hired, with his colleague John. Mark asks: ""How is Jane managing her new position?"" Mark says:""She has excellent handwriting and is always dressed so nicely.""Why has Bob responded like this?
How would you rate the following answer: ","You will read a short story that describes an everyday situation. Your task is to rate how possible a given interpretation is of an utterance by a character in the story.
How would you rate the following answer: ",Why has Bob responded like this?,Mark's opinion of Jane as a financial manager is very high.,incorrect_literal,possible,"very impossible, impossible, neutral, possible, very possible",3.11158165473961,incorrect_literal,"[[-10.193930625915527], [-12.002140045166016], [-11.481026649475098], [-10.211343765258789], [-10.45704174041748]]","[[], [], [], [], []]","[[-10.030941009521484], [-11.588020324707031], [-10.841605186462402], [-8.65920352935791], [-9.113869667053223]]"
google/flan-t5-xl,0.1,0,5,maxims,"You will read a short story that describes an everyday situation. Your task is to rate how possible a given interpretation is of an utterance by a character in the story.Mark is discussing Jane, a senior financial manager who he hired, with his colleague John. Mark asks: ""How is Jane managing her new position?"" Mark says:""She has excellent handwriting and is always dressed so nicely.""Why has Bob responded like this?
How would you rate the following answer: ","You will read a short story that describes an everyday situation. Your task is to rate how possible a given interpretation is of an utterance by a character in the story.
How would you rate the following answer: ",Why has Bob responded like this?,Mark is fond of people who have good handwriting.,incorrect_nonliteral,possible,"very impossible, impossible, neutral, possible, very possible",2.68736354152206,incorrect_literal,"[[-10.273649215698242], [-11.899503707885742], [-11.333141326904297], [-10.484155654907227], [-11.541645050048828]]","[[], [], [], [], []]","[[-10.34749698638916], [-11.71486759185791], [-10.677820205688477], [-8.29862117767334], [-9.659503936767578]]"
google/flan-t5-xl,0.1,0,5,maxims,"You will read a short story that describes an everyday situation. Your task is to rate how possible a given interpretation is of an utterance by a character in the story.Mark is discussing Jane, a senior financial manager who he hired, with his colleague John. Mark asks: ""How is Jane managing her new position?"" Mark says:""She has excellent handwriting and is always dressed so nicely.""Why has Bob responded like this?
How would you rate the following answer: ","You will read a short story that describes an everyday situation. Your task is to rate how possible a given interpretation is of an utterance by a character in the story.
How would you rate the following answer: ",Why has Bob responded like this?,Mark needs to get some new clothes.,incorrect_associate,possible,"very impossible, impossible, neutral, possible, very possible",1.7808368773508738,incorrect_literal,"[[-10.165143013000488], [-11.596101760864258], [-11.829696655273438], [-12.152606964111328], [-12.976419448852539]]","[[], [], [], [], []]","[[-10.273571014404297], [-11.8451509475708], [-10.820693969726562], [-7.957742691040039], [-9.349388122558594]]"
google/flan-t5-xl,0.1,0,6,maxims,"You will read a short story that describes an everyday situation. Your task is to rate how possible a given interpretation is of an utterance by a character in the story.Lucy discusses her trip to Paris with her mom. Lucy says: ""I'd like to visit Vincent when I am in Paris. Where does he live?"" Her mom responds:""Somewhere in France.""Why has Bob responded like this?
How would you rate the following answer: ","You will read a short story that describes an everyday situation. Your task is to rate how possible a given interpretation is of an utterance by a character in the story.
How would you rate the following answer: ",Why has Bob responded like this?,Lucy's mom does not know where exactly Vincent lives.,target,possible,"very impossible, impossible, neutral, possible, very possible",3.128245967205201,incorrect_literal,"[[-10.297332763671875], [-11.905893325805664], [-11.163215637207031], [-9.726373672485352], [-11.06915283203125]]","[[], [], [], [], []]","[[-9.911467552185059], [-11.303504943847656], [-10.409167289733887], [-8.827312469482422], [-10.910350799560547]]"
google/flan-t5-xl,0.1,0,6,maxims,"You will read a short story that describes an everyday situation. Your task is to rate how possible a given interpretation is of an utterance by a character in the story.Lucy discusses her trip to Paris with her mom. Lucy says: ""I'd like to visit Vincent when I am in Paris. Where does he live?"" Her mom responds:""Somewhere in France.""Why has Bob responded like this?
How would you rate the following answer: ","You will read a short story that describes an everyday situation. Your task is to rate how possible a given interpretation is of an utterance by a character in the story.
How would you rate the following answer: ",Why has Bob responded like this?, Lucy's mom knows that Vincent lives somewhere in France.,incorrect_literal,possible,"very impossible, impossible, neutral, possible, very possible",3.595865256188395,incorrect_literal,"[[-10.194400787353516], [-12.067384719848633], [-11.405864715576172], [-9.311050415039062], [-9.82042121887207]]","[[], [], [], [], []]","[[-10.290840148925781], [-11.70560073852539], [-10.892099380493164], [-8.634687423706055], [-10.398456573486328]]"
google/flan-t5-xl,0.1,0,6,maxims,"You will read a short story that describes an everyday situation. Your task is to rate how possible a given interpretation is of an utterance by a character in the story.Lucy discusses her trip to Paris with her mom. Lucy says: ""I'd like to visit Vincent when I am in Paris. Where does he live?"" Her mom responds:""Somewhere in France.""Why has Bob responded like this?
How would you rate the following answer: ","You will read a short story that describes an everyday situation. Your task is to rate how possible a given interpretation is of an utterance by a character in the story.
How would you rate the following answer: ",Why has Bob responded like this?,Lucy's mom is jealous that she is not going to Paris.,incorrect_nonliteral,possible,"very impossible, impossible, neutral, possible, very possible",1.7926510786051368,incorrect_literal,"[[-10.298382759094238], [-11.732098579406738], [-11.769702911376953], [-12.336771011352539], [-13.187000274658203]]","[[], [], [], [], []]","[[-9.799581527709961], [-11.27578353881836], [-10.501510620117188], [-9.031301498413086], [-10.458062171936035]]"
google/flan-t5-xl,0.1,0,6,maxims,"You will read a short story that describes an everyday situation. Your task is to rate how possible a given interpretation is of an utterance by a character in the story.Lucy discusses her trip to Paris with her mom. Lucy says: ""I'd like to visit Vincent when I am in Paris. Where does he live?"" Her mom responds:""Somewhere in France.""Why has Bob responded like this?
How would you rate the following answer: ","You will read a short story that describes an everyday situation. Your task is to rate how possible a given interpretation is of an utterance by a character in the story.
How would you rate the following answer: ",Why has Bob responded like this?,Lucy's mom is afraid that Lucy will go to France.,incorrect_associate,possible,"very impossible, impossible, neutral, possible, very possible",1.962183779033913,incorrect_literal,"[[-10.165904998779297], [-11.578974723815918], [-11.426170349121094], [-11.83115291595459], [-12.574460983276367]]","[[], [], [], [], []]","[[-9.926007270812988], [-11.490468978881836], [-10.607163429260254], [-9.030766487121582], [-10.722302436828613]]"
google/flan-t5-xl,0.1,0,7,maxims,"You will read a short story that describes an everyday situation. Your task is to rate how possible a given interpretation is of an utterance by a character in the story.Luke missed a wedding reception and wants his wife Melanie to tell him about it. He asks: ""What were you served at the wedding?"" She responds:""Some food.""Why has Bob responded like this?
How would you rate the following answer: ","You will read a short story that describes an everyday situation. Your task is to rate how possible a given interpretation is of an utterance by a character in the story.
How would you rate the following answer: ",Why has Bob responded like this?,The food at the wedding was mediocre.,target,possible,"very impossible, impossible, neutral, possible, very possible",2.531767961052377,incorrect_literal,"[[-10.536434173583984], [-11.69389533996582], [-11.073744773864746], [-10.954357147216797], [-12.219525337219238]]","[[], [], [], [], []]","[[-10.197432518005371], [-11.22243881225586], [-9.864853858947754], [-8.63850212097168], [-10.848729133605957]]"
google/flan-t5-xl,0.1,0,7,maxims,"You will read a short story that describes an everyday situation. Your task is to rate how possible a given interpretation is of an utterance by a character in the story.Luke missed a wedding reception and wants his wife Melanie to tell him about it. He asks: ""What were you served at the wedding?"" She responds:""Some food.""Why has Bob responded like this?
How would you rate the following answer: ","You will read a short story that describes an everyday situation. Your task is to rate how possible a given interpretation is of an utterance by a character in the story.
How would you rate the following answer: ",Why has Bob responded like this?,There was not a lot of food at the wedding.,incorrect_literal,possible,"very impossible, impossible, neutral, possible, very possible",2.65192787854026,incorrect_literal,"[[-10.388360977172852], [-11.599212646484375], [-10.97372055053711], [-10.65957260131836], [-11.71279525756836]]","[[], [], [], [], []]","[[-9.926868438720703], [-11.165933609008789], [-10.023889541625977], [-8.264261245727539], [-10.301507949829102]]"
google/flan-t5-xl,0.1,0,7,maxims,"You will read a short story that describes an everyday situation. Your task is to rate how possible a given interpretation is of an utterance by a character in the story.Luke missed a wedding reception and wants his wife Melanie to tell him about it. He asks: ""What were you served at the wedding?"" She responds:""Some food.""Why has Bob responded like this?
How would you rate the following answer: ","You will read a short story that describes an everyday situation. Your task is to rate how possible a given interpretation is of an utterance by a character in the story.
How would you rate the following answer: ",Why has Bob responded like this?,The food at the wedding was outstanding.,incorrect_nonliteral,possible,"very impossible, impossible, neutral, possible, very possible",2.419838131793413,incorrect_literal,"[[-10.401297569274902], [-11.553109169006348], [-11.069666862487793], [-11.14710521697998], [-12.031111717224121]]","[[], [], [], [], []]","[[-10.553719520568848], [-11.944583892822266], [-10.983175277709961], [-8.237900733947754], [-8.923891067504883]]"
google/flan-t5-xl,0.1,0,7,maxims,"You will read a short story that describes an everyday situation. Your task is to rate how possible a given interpretation is of an utterance by a character in the story.Luke missed a wedding reception and wants his wife Melanie to tell him about it. He asks: ""What were you served at the wedding?"" She responds:""Some food.""Why has Bob responded like this?
How would you rate the following answer: ","You will read a short story that describes an everyday situation. Your task is to rate how possible a given interpretation is of an utterance by a character in the story.
How would you rate the following answer: ",Why has Bob responded like this?,The wedding is not about food.,incorrect_associate,possible,"very impossible, impossible, neutral, possible, very possible",1.5264519033815624,incorrect_literal,"[[-9.73377799987793], [-11.25405216217041], [-12.389607429504395], [-12.514082908630371], [-12.774731636047363]]","[[], [], [], [], []]","[[-9.611577033996582], [-11.087730407714844], [-10.501218795776367], [-8.736175537109375], [-10.168444633483887]]"
google/flan-t5-xl,0.1,0,8,maxims,"You will read a short story that describes an everyday situation. Your task is to rate how possible a given interpretation is of an utterance by a character in the story.Mary and Ken are having breakfast. Ken asks Mary: ""How would you like your tea, dear?"" Mary responds:""In a cup.""Why has Bob responded like this?
How would you rate the following answer: ","You will read a short story that describes an everyday situation. Your task is to rate how possible a given interpretation is of an utterance by a character in the story.
How would you rate the following answer: ",Why has Bob responded like this?,Mary is irritated with Ken.,target,possible,"very impossible, impossible, neutral, possible, very possible",2.386218638206623,incorrect_literal,"[[-10.155207633972168], [-11.538886070251465], [-10.8997220993042], [-10.95987319946289], [-11.871542930603027]]","[[], [], [], [], []]","[[-9.523746490478516], [-11.230774879455566], [-10.283387184143066], [-8.573162078857422], [-10.122163772583008]]"
google/flan-t5-xl,0.1,0,8,maxims,"You will read a short story that describes an everyday situation. Your task is to rate how possible a given interpretation is of an utterance by a character in the story.Mary and Ken are having breakfast. Ken asks Mary: ""How would you like your tea, dear?"" Mary responds:""In a cup.""Why has Bob responded like this?
How would you rate the following answer: ","You will read a short story that describes an everyday situation. Your task is to rate how possible a given interpretation is of an utterance by a character in the story.
How would you rate the following answer: ",Why has Bob responded like this?,Mary wants Ken to serve her tea in a cup.,incorrect_literal,possible,"very impossible, impossible, neutral, possible, very possible",3.926990784326978,incorrect_literal,"[[-10.3514404296875], [-12.710570335388184], [-11.996679306030273], [-9.055782318115234], [-9.316239356994629]]","[[], [], [], [], []]","[[-9.963252067565918], [-11.682183265686035], [-10.839858055114746], [-7.945795059204102], [-9.584128379821777]]"
google/flan-t5-xl,0.1,0,8,maxims,"You will read a short story that describes an everyday situation. Your task is to rate how possible a given interpretation is of an utterance by a character in the story.Mary and Ken are having breakfast. Ken asks Mary: ""How would you like your tea, dear?"" Mary responds:""In a cup.""Why has Bob responded like this?
How would you rate the following answer: ","You will read a short story that describes an everyday situation. Your task is to rate how possible a given interpretation is of an utterance by a character in the story.
How would you rate the following answer: ",Why has Bob responded like this?,Mary wants Ken to wash a cup that she sees in the sink. ,incorrect_nonliteral,possible,"very impossible, impossible, neutral, possible, very possible",2.149533403332782,incorrect_literal,"[[-10.064824104309082], [-11.461350440979004], [-11.617653846740723], [-11.26117992401123], [-11.917163848876953]]","[[], [], [], [], []]","[[-10.100452423095703], [-11.701889038085938], [-10.884571075439453], [-8.164331436157227], [-9.84715461730957]]"
google/flan-t5-xl,0.1,0,8,maxims,"You will read a short story that describes an everyday situation. Your task is to rate how possible a given interpretation is of an utterance by a character in the story.Mary and Ken are having breakfast. Ken asks Mary: ""How would you like your tea, dear?"" Mary responds:""In a cup.""Why has Bob responded like this?
How would you rate the following answer: ","You will read a short story that describes an everyday situation. Your task is to rate how possible a given interpretation is of an utterance by a character in the story.
How would you rate the following answer: ",Why has Bob responded like this?,Mary is proud of the new cups that she got from Ken for her birthday.,incorrect_associate,possible,"very impossible, impossible, neutral, possible, very possible",2.888863469069285,incorrect_literal,"[[-10.280881881713867], [-11.564599990844727], [-10.776851654052734], [-10.10604476928711], [-11.323846817016602]]","[[], [], [], [], []]","[[-10.34646224975586], [-11.835735321044922], [-10.92538833618164], [-8.300559043884277], [-9.124502182006836]]"
google/flan-t5-xl,0.1,0,9,maxims,"You will read a short story that describes an everyday situation. Your task is to rate how possible a given interpretation is of an utterance by a character in the story.George and Cindy are about to enter their favorite shoe shop in the mall. George asks Cindy: ""What would you like to buy?"" Cindy responds:""A pair of shoes.""Why has Bob responded like this?
How would you rate the following answer: ","You will read a short story that describes an everyday situation. Your task is to rate how possible a given interpretation is of an utterance by a character in the story.
How would you rate the following answer: ",Why has Bob responded like this?,Cindy does not know what type of shoes she wants to buy.,target,possible,"very impossible, impossible, neutral, possible, very possible",2.4097237813609516,incorrect_literal,"[[-10.329519271850586], [-11.679025650024414], [-11.5889892578125], [-11.14565658569336], [-11.719244003295898]]","[[], [], [], [], []]","[[-9.707048416137695], [-11.366823196411133], [-10.360566139221191], [-8.597350120544434], [-10.540072441101074]]"
google/flan-t5-xl,0.1,0,9,maxims,"You will read a short story that describes an everyday situation. Your task is to rate how possible a given interpretation is of an utterance by a character in the story.George and Cindy are about to enter their favorite shoe shop in the mall. George asks Cindy: ""What would you like to buy?"" Cindy responds:""A pair of shoes.""Why has Bob responded like this?
How would you rate the following answer: ","You will read a short story that describes an everyday situation. Your task is to rate how possible a given interpretation is of an utterance by a character in the story.
How would you rate the following answer: ",Why has Bob responded like this?,Cindy does not plan to buy anything but shoes in this store.,incorrect_literal,possible,"very impossible, impossible, neutral, possible, very possible",3.0458484002145187,incorrect_literal,"[[-10.389400482177734], [-11.951264381408691], [-11.320231437683105], [-10.277277946472168], [-10.863853454589844]]","[[], [], [], [], []]","[[-10.221470832824707], [-11.7210111618042], [-10.768265724182129], [-8.882453918457031], [-10.274333000183105]]"
google/flan-t5-xl,0.1,0,9,maxims,"You will read a short story that describes an everyday situation. Your task is to rate how possible a given interpretation is of an utterance by a character in the story.George and Cindy are about to enter their favorite shoe shop in the mall. George asks Cindy: ""What would you like to buy?"" Cindy responds:""A pair of shoes.""Why has Bob responded like this?
How would you rate the following answer: ","You will read a short story that describes an everyday situation. Your task is to rate how possible a given interpretation is of an utterance by a character in the story.
How would you rate the following answer: ",Why has Bob responded like this?,Cindy has an obsession with shoes and buys them on every occasion.,incorrect_nonliteral,possible,"very impossible, impossible, neutral, possible, very possible",2.5160079269458877,incorrect_literal,"[[-10.342350959777832], [-11.57365608215332], [-10.817337036132812], [-11.005610466003418], [-11.761149406433105]]","[[], [], [], [], []]","[[-9.95751667022705], [-11.333043098449707], [-10.54763126373291], [-9.118598937988281], [-10.049782752990723]]"
google/flan-t5-xl,0.1,0,9,maxims,"You will read a short story that describes an everyday situation. Your task is to rate how possible a given interpretation is of an utterance by a character in the story.George and Cindy are about to enter their favorite shoe shop in the mall. George asks Cindy: ""What would you like to buy?"" Cindy responds:""A pair of shoes.""Why has Bob responded like this?
How would you rate the following answer: ","You will read a short story that describes an everyday situation. Your task is to rate how possible a given interpretation is of an utterance by a character in the story.
How would you rate the following answer: ",Why has Bob responded like this?,Cindy is excited about going shopping.,incorrect_associate,possible,"very impossible, impossible, neutral, possible, very possible",2.9135980631770755,incorrect_literal,"[[-10.175162315368652], [-11.804254531860352], [-11.227624893188477], [-10.180039405822754], [-10.929292678833008]]","[[], [], [], [], []]","[[-10.313094139099121], [-11.872066497802734], [-10.964357376098633], [-8.38765811920166], [-9.27761173248291]]"
google/flan-t5-xl,0.1,0,10,maxims,"You will read a short story that describes an everyday situation. Your task is to rate how possible a given interpretation is of an utterance by a character in the story.Mike comes home from school. His mom asks him: ""What did you do at school today?"" Mike responds:""Some schoolwork.""Why has Bob responded like this?
How would you rate the following answer: ","You will read a short story that describes an everyday situation. Your task is to rate how possible a given interpretation is of an utterance by a character in the story.
How would you rate the following answer: ",Why has Bob responded like this?,He does not want to talk about school with his mom.,target,possible,"very impossible, impossible, neutral, possible, very possible",2.772135426947092,target,"[[-9.903488159179688], [-11.336233139038086], [-11.038639068603516], [-10.233335494995117], [-10.704229354858398]]","[[], [], [], [], []]","[[-9.775599479675293], [-11.13976764678955], [-10.532731056213379], [-9.196075439453125], [-10.780810356140137]]"
google/flan-t5-xl,0.1,0,10,maxims,"You will read a short story that describes an everyday situation. Your task is to rate how possible a given interpretation is of an utterance by a character in the story.Mike comes home from school. His mom asks him: ""What did you do at school today?"" Mike responds:""Some schoolwork.""Why has Bob responded like this?
How would you rate the following answer: ","You will read a short story that describes an everyday situation. Your task is to rate how possible a given interpretation is of an utterance by a character in the story.
How would you rate the following answer: ",Why has Bob responded like this?,He has been doing lots of schoolwork at school.,incorrect_literal,possible,"very impossible, impossible, neutral, possible, very possible",2.722059761977458,target,"[[-10.069474220275879], [-11.8057222366333], [-11.286745071411133], [-10.315499305725098], [-11.157014846801758]]","[[], [], [], [], []]","[[-10.184124946594238], [-11.478741645812988], [-10.68230152130127], [-8.521730422973633], [-9.750988960266113]]"
google/flan-t5-xl,0.1,0,10,maxims,"You will read a short story that describes an everyday situation. Your task is to rate how possible a given interpretation is of an utterance by a character in the story.Mike comes home from school. His mom asks him: ""What did you do at school today?"" Mike responds:""Some schoolwork.""Why has Bob responded like this?
How would you rate the following answer: ","You will read a short story that describes an everyday situation. Your task is to rate how possible a given interpretation is of an utterance by a character in the story.
How would you rate the following answer: ",Why has Bob responded like this?,He is upset that his dad is not at home.,incorrect_nonliteral,possible,"very impossible, impossible, neutral, possible, very possible",2.1233197461172684,target,"[[-10.278669357299805], [-11.624342918395996], [-11.50270938873291], [-11.571755409240723], [-12.295952796936035]]","[[], [], [], [], []]","[[-10.029707908630371], [-11.35224437713623], [-10.494938850402832], [-8.640144348144531], [-10.010404586791992]]"
google/flan-t5-xl,0.1,0,10,maxims,"You will read a short story that describes an everyday situation. Your task is to rate how possible a given interpretation is of an utterance by a character in the story.Mike comes home from school. His mom asks him: ""What did you do at school today?"" Mike responds:""Some schoolwork.""Why has Bob responded like this?
How would you rate the following answer: ","You will read a short story that describes an everyday situation. Your task is to rate how possible a given interpretation is of an utterance by a character in the story.
How would you rate the following answer: ",Why has Bob responded like this?,He is too excited to talk about this at the moment.,incorrect_associate,possible,"very impossible, impossible, neutral, possible, very possible",2.2599662615352107,target,"[[-10.106066703796387], [-11.424529075622559], [-11.357762336730957], [-11.140423774719238], [-11.808481216430664]]","[[], [], [], [], []]","[[-9.893763542175293], [-11.16076946258545], [-10.609369277954102], [-8.7838773727417], [-9.989611625671387]]"
google/flan-t5-xl,0.1,0,11,maxims,"You will read a short story that describes an everyday situation. Your task is to rate how possible a given interpretation is of an utterance by a character in the story.Mark, who is a newlywed, is talking to his mom over the phone. His mom asks: ""Did Julie cook your dinner last night?"" Mark responds:""Well, she placed a number of edible substances into a pot and then heated them until various chemical reactions took place.""Why has Bob responded like this?
How would you rate the following answer: ","You will read a short story that describes an everyday situation. Your task is to rate how possible a given interpretation is of an utterance by a character in the story.
How would you rate the following answer: ",Why has Bob responded like this?,Mark's wife has little experience with cooking.,target,possible,"very impossible, impossible, neutral, possible, very possible",2.9907434497558762,target,"[[-10.618741989135742], [-11.901473045349121], [-11.026700019836426], [-10.246371269226074], [-11.54630184173584]]","[[], [], [], [], []]","[[-10.302419662475586], [-11.790916442871094], [-10.52808952331543], [-8.640460014343262], [-11.186760902404785]]"
google/flan-t5-xl,0.1,0,11,maxims,"You will read a short story that describes an everyday situation. Your task is to rate how possible a given interpretation is of an utterance by a character in the story.Mark, who is a newlywed, is talking to his mom over the phone. His mom asks: ""Did Julie cook your dinner last night?"" Mark responds:""Well, she placed a number of edible substances into a pot and then heated them until various chemical reactions took place.""Why has Bob responded like this?
How would you rate the following answer: ","You will read a short story that describes an everyday situation. Your task is to rate how possible a given interpretation is of an utterance by a character in the story.
How would you rate the following answer: ",Why has Bob responded like this?,Mark's wife has been doing some scientific experiments instead of cooking.,incorrect_literal,possible,"very impossible, impossible, neutral, possible, very possible",2.816405252550924,target,"[[-10.20350456237793], [-11.673904418945312], [-10.965070724487305], [-10.22952651977539], [-11.252195358276367]]","[[], [], [], [], []]","[[-9.983305931091309], [-11.186192512512207], [-10.317778587341309], [-8.637519836425781], [-10.186929702758789]]"
google/flan-t5-xl,0.1,0,11,maxims,"You will read a short story that describes an everyday situation. Your task is to rate how possible a given interpretation is of an utterance by a character in the story.Mark, who is a newlywed, is talking to his mom over the phone. His mom asks: ""Did Julie cook your dinner last night?"" Mark responds:""Well, she placed a number of edible substances into a pot and then heated them until various chemical reactions took place.""Why has Bob responded like this?
How would you rate the following answer: ","You will read a short story that describes an everyday situation. Your task is to rate how possible a given interpretation is of an utterance by a character in the story.
How would you rate the following answer: ",Why has Bob responded like this?,Mark's wife has been angry with Mark because he did not help her with dinner.  ,incorrect_nonliteral,possible,"very impossible, impossible, neutral, possible, very possible",1.9382209900096832,target,"[[-10.34138298034668], [-11.689006805419922], [-11.476022720336914], [-12.106610298156738], [-12.939245223999023]]","[[], [], [], [], []]","[[-9.68856143951416], [-11.272782325744629], [-10.418177604675293], [-8.801285743713379], [-10.612062454223633]]"
google/flan-t5-xl,0.1,0,11,maxims,"You will read a short story that describes an everyday situation. Your task is to rate how possible a given interpretation is of an utterance by a character in the story.Mark, who is a newlywed, is talking to his mom over the phone. His mom asks: ""Did Julie cook your dinner last night?"" Mark responds:""Well, she placed a number of edible substances into a pot and then heated them until various chemical reactions took place.""Why has Bob responded like this?
How would you rate the following answer: ","You will read a short story that describes an everyday situation. Your task is to rate how possible a given interpretation is of an utterance by a character in the story.
How would you rate the following answer: ",Why has Bob responded like this?,Mark's wife has a lot of experience with cooking.,incorrect_associate,possible,"very impossible, impossible, neutral, possible, very possible",2.679488635438259,target,"[[-10.040888786315918], [-11.53888988494873], [-10.866503715515137], [-10.309045791625977], [-11.26668930053711]]","[[], [], [], [], []]","[[-10.746655464172363], [-12.10731315612793], [-11.089808464050293], [-8.424325942993164], [-9.65438175201416]]"
google/flan-t5-xl,0.1,0,12,maxims,"You will read a short story that describes an everyday situation. Your task is to rate how possible a given interpretation is of an utterance by a character in the story.Lenny comes to the kitchen and asks his wife, Marcie: ""What will we have for breakfast?"" Marcie responds:""A hard-boiled egg cooked in hot water and toast that is toasted evenly on both sides.""Why has Bob responded like this?
How would you rate the following answer: ","You will read a short story that describes an everyday situation. Your task is to rate how possible a given interpretation is of an utterance by a character in the story.
How would you rate the following answer: ",Why has Bob responded like this?,Marcie thinks that her husband's expectations about breakfast are too high.,target,possible,"very impossible, impossible, neutral, possible, very possible",2.656166883968007,incorrect_nonliteral,"[[-10.508870124816895], [-11.42717456817627], [-10.484054565429688], [-10.756153106689453], [-12.021903991699219]]","[[], [], [], [], []]","[[-9.938871383666992], [-11.079375267028809], [-10.08726978302002], [-8.649698257446289], [-10.645383834838867]]"
google/flan-t5-xl,0.1,0,12,maxims,"You will read a short story that describes an everyday situation. Your task is to rate how possible a given interpretation is of an utterance by a character in the story.Lenny comes to the kitchen and asks his wife, Marcie: ""What will we have for breakfast?"" Marcie responds:""A hard-boiled egg cooked in hot water and toast that is toasted evenly on both sides.""Why has Bob responded like this?
How would you rate the following answer: ","You will read a short story that describes an everyday situation. Your task is to rate how possible a given interpretation is of an utterance by a character in the story.
How would you rate the following answer: ",Why has Bob responded like this?,Marcie wants Lenny to know how his breakfast was made.,incorrect_literal,possible,"very impossible, impossible, neutral, possible, very possible",2.8815432798522362,incorrect_nonliteral,"[[-10.020106315612793], [-11.815190315246582], [-11.126593589782715], [-10.019267082214355], [-10.910737037658691]]","[[], [], [], [], []]","[[-9.725114822387695], [-11.23202896118164], [-10.446393013000488], [-8.382061958312988], [-10.112044334411621]]"
google/flan-t5-xl,0.1,0,12,maxims,"You will read a short story that describes an everyday situation. Your task is to rate how possible a given interpretation is of an utterance by a character in the story.Lenny comes to the kitchen and asks his wife, Marcie: ""What will we have for breakfast?"" Marcie responds:""A hard-boiled egg cooked in hot water and toast that is toasted evenly on both sides.""Why has Bob responded like this?
How would you rate the following answer: ","You will read a short story that describes an everyday situation. Your task is to rate how possible a given interpretation is of an utterance by a character in the story.
How would you rate the following answer: ",Why has Bob responded like this?,Marcie is really good at cooking eggs and making toast.,incorrect_nonliteral,possible,"very impossible, impossible, neutral, possible, very possible",3.130807063177792,incorrect_nonliteral,"[[-10.661759376525879], [-11.89513111114502], [-10.762337684631348], [-10.119915962219238], [-11.206406593322754]]","[[], [], [], [], []]","[[-10.515398025512695], [-11.938976287841797], [-11.090288162231445], [-8.784672737121582], [-9.719396591186523]]"
google/flan-t5-xl,0.1,0,12,maxims,"You will read a short story that describes an everyday situation. Your task is to rate how possible a given interpretation is of an utterance by a character in the story.Lenny comes to the kitchen and asks his wife, Marcie: ""What will we have for breakfast?"" Marcie responds:""A hard-boiled egg cooked in hot water and toast that is toasted evenly on both sides.""Why has Bob responded like this?
How would you rate the following answer: ","You will read a short story that describes an everyday situation. Your task is to rate how possible a given interpretation is of an utterance by a character in the story.
How would you rate the following answer: ",Why has Bob responded like this?,Marcie thinks that breakfast is the main meal of the day.,incorrect_associate,possible,"very impossible, impossible, neutral, possible, very possible",2.5536949241840956,incorrect_nonliteral,"[[-10.55245304107666], [-11.493247032165527], [-10.450130462646484], [-11.087181091308594], [-12.29534912109375]]","[[], [], [], [], []]","[[-10.195493698120117], [-11.668813705444336], [-10.63835334777832], [-8.67227554321289], [-9.80738639831543]]"
google/flan-t5-xl,0.1,0,13,maxims,"You will read a short story that describes an everyday situation. Your task is to rate how possible a given interpretation is of an utterance by a character in the story.Mike and Melissa are arguing about the state of secondary education in their state. Mike states: ""Standardized test scores are up 42% in our schools."" Melissa responds:""And 47% of the kids didn't use the right pencil, 6% were chewing gum during the exam, and 32% yawned while completing their exams.""Why has Bob responded like this?
How would you rate the following answer: ","You will read a short story that describes an everyday situation. Your task is to rate how possible a given interpretation is of an utterance by a character in the story.
How would you rate the following answer: ",Why has Bob responded like this?,Melissa thinks that statistical information is useless in this debate.,target,possible,"very impossible, impossible, neutral, possible, very possible",2.605371563057529,incorrect_literal,"[[-10.161471366882324], [-11.480752944946289], [-10.894057273864746], [-10.436177253723145], [-11.692696571350098]]","[[], [], [], [], []]","[[-9.73379135131836], [-11.103310585021973], [-10.24988079071045], [-8.638662338256836], [-10.421862602233887]]"
google/flan-t5-xl,0.1,0,13,maxims,"You will read a short story that describes an everyday situation. Your task is to rate how possible a given interpretation is of an utterance by a character in the story.Mike and Melissa are arguing about the state of secondary education in their state. Mike states: ""Standardized test scores are up 42% in our schools."" Melissa responds:""And 47% of the kids didn't use the right pencil, 6% were chewing gum during the exam, and 32% yawned while completing their exams.""Why has Bob responded like this?
How would you rate the following answer: ","You will read a short story that describes an everyday situation. Your task is to rate how possible a given interpretation is of an utterance by a character in the story.
How would you rate the following answer: ",Why has Bob responded like this?,Melissa thinks that statistical information is of great use in this debate.,incorrect_literal,possible,"very impossible, impossible, neutral, possible, very possible",3.151566307160711,incorrect_literal,"[[-10.203454971313477], [-11.620738983154297], [-10.604232788085938], [-9.478293418884277], [-11.066099166870117]]","[[], [], [], [], []]","[[-10.170851707458496], [-11.630746841430664], [-10.55518627166748], [-7.838070869445801], [-9.546834945678711]]"
google/flan-t5-xl,0.1,0,13,maxims,"You will read a short story that describes an everyday situation. Your task is to rate how possible a given interpretation is of an utterance by a character in the story.Mike and Melissa are arguing about the state of secondary education in their state. Mike states: ""Standardized test scores are up 42% in our schools."" Melissa responds:""And 47% of the kids didn't use the right pencil, 6% were chewing gum during the exam, and 32% yawned while completing their exams.""Why has Bob responded like this?
How would you rate the following answer: ","You will read a short story that describes an everyday situation. Your task is to rate how possible a given interpretation is of an utterance by a character in the story.
How would you rate the following answer: ",Why has Bob responded like this?,Melissa thinks that kids attending schools lack subject knowledge. ,incorrect_nonliteral,possible,"very impossible, impossible, neutral, possible, very possible",2.882823872362107,incorrect_literal,"[[-10.100757598876953], [-11.597456932067871], [-10.723420143127441], [-9.874260902404785], [-11.334647178649902]]","[[], [], [], [], []]","[[-9.761322021484375], [-11.266050338745117], [-10.446374893188477], [-8.878028869628906], [-10.40919303894043]]"
google/flan-t5-xl,0.1,0,13,maxims,"You will read a short story that describes an everyday situation. Your task is to rate how possible a given interpretation is of an utterance by a character in the story.Mike and Melissa are arguing about the state of secondary education in their state. Mike states: ""Standardized test scores are up 42% in our schools."" Melissa responds:""And 47% of the kids didn't use the right pencil, 6% were chewing gum during the exam, and 32% yawned while completing their exams.""Why has Bob responded like this?
How would you rate the following answer: ","You will read a short story that describes an everyday situation. Your task is to rate how possible a given interpretation is of an utterance by a character in the story.
How would you rate the following answer: ",Why has Bob responded like this?,Melissa is very knowledgeable about the system of secondary education.,incorrect_associate,possible,"very impossible, impossible, neutral, possible, very possible",2.8831699279201053,incorrect_literal,"[[-10.204215049743652], [-11.639084815979004], [-10.76705265045166], [-10.093867301940918], [-11.202824592590332]]","[[], [], [], [], []]","[[-10.41336441040039], [-11.89887809753418], [-10.966665267944336], [-8.701566696166992], [-9.444686889648438]]"
google/flan-t5-xl,0.1,0,14,maxims,"You will read a short story that describes an everyday situation. Your task is to rate how possible a given interpretation is of an utterance by a character in the story.Rosy notes to her friend Dan: ""Those strangers at the other end of the subway car are nice."" Dan replies:""Yeah, I bet they have only sweet dreams, eat organic food, do yoga every morning, plant trees, feed homeless, and read a lot of good books."" Why has Bob responded like this?
How would you rate the following answer: ","You will read a short story that describes an everyday situation. Your task is to rate how possible a given interpretation is of an utterance by a character in the story.
How would you rate the following answer: ",Why has Bob responded like this?,He thinks that Rosy has no reason to believe that the strangers are nice.,target,possible,"very impossible, impossible, neutral, possible, very possible",2.2169636006617663,incorrect_literal,"[[-9.816832542419434], [-10.877089500427246], [-10.744330406188965], [-10.945611000061035], [-11.742505073547363]]","[[], [], [], [], []]","[[-9.645803451538086], [-10.82041072845459], [-10.297650337219238], [-9.370379447937012], [-10.940327644348145]]"
google/flan-t5-xl,0.1,0,14,maxims,"You will read a short story that describes an everyday situation. Your task is to rate how possible a given interpretation is of an utterance by a character in the story.Rosy notes to her friend Dan: ""Those strangers at the other end of the subway car are nice."" Dan replies:""Yeah, I bet they have only sweet dreams, eat organic food, do yoga every morning, plant trees, feed homeless, and read a lot of good books."" Why has Bob responded like this?
How would you rate the following answer: ","You will read a short story that describes an everyday situation. Your task is to rate how possible a given interpretation is of an utterance by a character in the story.
How would you rate the following answer: ",Why has Bob responded like this?,He thinks that people who ride subways have many good habits.,incorrect_literal,possible,"very impossible, impossible, neutral, possible, very possible",3.3540437679733555,incorrect_literal,"[[-10.31263542175293], [-12.086593627929688], [-11.182701110839844], [-9.441036224365234], [-10.638870239257812]]","[[], [], [], [], []]","[[-10.10803508758545], [-11.262323379516602], [-10.537862777709961], [-8.97598934173584], [-10.411080360412598]]"
google/flan-t5-xl,0.1,0,14,maxims,"You will read a short story that describes an everyday situation. Your task is to rate how possible a given interpretation is of an utterance by a character in the story.Rosy notes to her friend Dan: ""Those strangers at the other end of the subway car are nice."" Dan replies:""Yeah, I bet they have only sweet dreams, eat organic food, do yoga every morning, plant trees, feed homeless, and read a lot of good books."" Why has Bob responded like this?
How would you rate the following answer: ","You will read a short story that describes an everyday situation. Your task is to rate how possible a given interpretation is of an utterance by a character in the story.
How would you rate the following answer: ",Why has Bob responded like this?,He thinks that people who ride subways have many bad habits.,incorrect_nonliteral,possible,"very impossible, impossible, neutral, possible, very possible",2.001066995062978,incorrect_literal,"[[-9.968278884887695], [-11.235860824584961], [-11.330581665039062], [-11.455076217651367], [-12.292003631591797]]","[[], [], [], [], []]","[[-9.889028549194336], [-11.112679481506348], [-10.318936347961426], [-8.97063159942627], [-10.773750305175781]]"
google/flan-t5-xl,0.1,0,14,maxims,"You will read a short story that describes an everyday situation. Your task is to rate how possible a given interpretation is of an utterance by a character in the story.Rosy notes to her friend Dan: ""Those strangers at the other end of the subway car are nice."" Dan replies:""Yeah, I bet they have only sweet dreams, eat organic food, do yoga every morning, plant trees, feed homeless, and read a lot of good books."" Why has Bob responded like this?
How would you rate the following answer: ","You will read a short story that describes an everyday situation. Your task is to rate how possible a given interpretation is of an utterance by a character in the story.
How would you rate the following answer: ",Why has Bob responded like this?,He knows these people and their lifestyle very well.,incorrect_associate,possible,"very impossible, impossible, neutral, possible, very possible",2.8226113049796386,incorrect_literal,"[[-10.182848930358887], [-11.369624137878418], [-10.665159225463867], [-10.183568954467773], [-11.199711799621582]]","[[], [], [], [], []]","[[-10.137131690979004], [-11.447953224182129], [-10.57200813293457], [-8.369129180908203], [-9.379401206970215]]"
google/flan-t5-xl,0.1,0,15,maxims,"You will read a short story that describes an everyday situation. Your task is to rate how possible a given interpretation is of an utterance by a character in the story.Berta often forgets to return money that she borrows from her friends. One day Berta asks her friend Freddie for $500. Freddie responds:""Of course, but only when I fly to space.""Why has Bob responded like this?
How would you rate the following answer: ","You will read a short story that describes an everyday situation. Your task is to rate how possible a given interpretation is of an utterance by a character in the story.
How would you rate the following answer: ",Why has Bob responded like this?,Freddie will never give Berta any money.,target,possible,"very impossible, impossible, neutral, possible, very possible",1.157096951745396,incorrect_literal,"[[-9.318742752075195], [-11.712028503417969], [-13.776213645935059], [-14.245978355407715], [-13.931148529052734]]","[[], [], [], [], []]","[[-9.037044525146484], [-10.959386825561523], [-11.556169509887695], [-10.947612762451172], [-11.647303581237793]]"
google/flan-t5-xl,0.1,0,15,maxims,"You will read a short story that describes an everyday situation. Your task is to rate how possible a given interpretation is of an utterance by a character in the story.Berta often forgets to return money that she borrows from her friends. One day Berta asks her friend Freddie for $500. Freddie responds:""Of course, but only when I fly to space.""Why has Bob responded like this?
How would you rate the following answer: ","You will read a short story that describes an everyday situation. Your task is to rate how possible a given interpretation is of an utterance by a character in the story.
How would you rate the following answer: ",Why has Bob responded like this?,Freddie can give Berta some money that he will get for his space expedition.,incorrect_literal,possible,"very impossible, impossible, neutral, possible, very possible",2.9378637176531877,incorrect_literal,"[[-9.473834991455078], [-11.409063339233398], [-10.639850616455078], [-9.300294876098633], [-10.432665824890137]]","[[], [], [], [], []]","[[-9.568817138671875], [-10.702728271484375], [-10.255833625793457], [-8.501108169555664], [-9.621992111206055]]"
google/flan-t5-xl,0.1,0,15,maxims,"You will read a short story that describes an everyday situation. Your task is to rate how possible a given interpretation is of an utterance by a character in the story.Berta often forgets to return money that she borrows from her friends. One day Berta asks her friend Freddie for $500. Freddie responds:""Of course, but only when I fly to space.""Why has Bob responded like this?
How would you rate the following answer: ","You will read a short story that describes an everyday situation. Your task is to rate how possible a given interpretation is of an utterance by a character in the story.
How would you rate the following answer: ",Why has Bob responded like this?,Freddie is ready to give money to Berta without any questions.,incorrect_nonliteral,possible,"very impossible, impossible, neutral, possible, very possible",1.3012111425887323,incorrect_literal,"[[-9.715526580810547], [-11.496848106384277], [-13.170802116394043], [-13.909228324890137], [-13.440929412841797]]","[[], [], [], [], []]","[[-9.637557983398438], [-11.099245071411133], [-10.490867614746094], [-8.370036125183105], [-9.189653396606445]]"
google/flan-t5-xl,0.1,0,15,maxims,"You will read a short story that describes an everyday situation. Your task is to rate how possible a given interpretation is of an utterance by a character in the story.Berta often forgets to return money that she borrows from her friends. One day Berta asks her friend Freddie for $500. Freddie responds:""Of course, but only when I fly to space.""Why has Bob responded like this?
How would you rate the following answer: ","You will read a short story that describes an everyday situation. Your task is to rate how possible a given interpretation is of an utterance by a character in the story.
How would you rate the following answer: ",Why has Bob responded like this?,Freddie considers giving the money to Berta. ,incorrect_associate,possible,"very impossible, impossible, neutral, possible, very possible",2.5193916987216856,incorrect_literal,"[[-9.75197982788086], [-11.155924797058105], [-10.922398567199707], [-10.211953163146973], [-11.234681129455566]]","[[], [], [], [], []]","[[-9.736263275146484], [-10.99021053314209], [-10.121586799621582], [-7.403125762939453], [-9.205851554870605]]"
google/flan-t5-xl,0.1,0,16,maxims,"You will read a short story that describes an everyday situation. Your task is to rate how possible a given interpretation is of an utterance by a character in the story.Lars and Katy are discussing their CEO. Lars says: ""People regard our CEO Mr. Smith as a real intellectual."" Katy responds:""Sure, he is regarded as an intellectual by kindergarteners.""Why has Bob responded like this?
How would you rate the following answer: ","You will read a short story that describes an everyday situation. Your task is to rate how possible a given interpretation is of an utterance by a character in the story.
How would you rate the following answer: ",Why has Bob responded like this?,Katy doubts that Mr. Smith is a smart individual.,target,possible,"very impossible, impossible, neutral, possible, very possible",2.6489423475021083,incorrect_literal,"[[-9.876225471496582], [-11.448372840881348], [-10.931227684020996], [-10.149940490722656], [-11.186984062194824]]","[[], [], [], [], []]","[[-9.664463996887207], [-11.214954376220703], [-10.386703491210938], [-8.624998092651367], [-10.376094818115234]]"
google/flan-t5-xl,0.1,0,16,maxims,"You will read a short story that describes an everyday situation. Your task is to rate how possible a given interpretation is of an utterance by a character in the story.Lars and Katy are discussing their CEO. Lars says: ""People regard our CEO Mr. Smith as a real intellectual."" Katy responds:""Sure, he is regarded as an intellectual by kindergarteners.""Why has Bob responded like this?
How would you rate the following answer: ","You will read a short story that describes an everyday situation. Your task is to rate how possible a given interpretation is of an utterance by a character in the story.
How would you rate the following answer: ",Why has Bob responded like this?,Katy agrees that Mr. Smith is a smart individual.,incorrect_literal,possible,"very impossible, impossible, neutral, possible, very possible",3.1244039166743183,incorrect_literal,"[[-10.179413795471191], [-11.695878982543945], [-11.170659065246582], [-9.743918418884277], [-10.746371269226074]]","[[], [], [], [], []]","[[-10.510658264160156], [-12.019857406616211], [-11.103885650634766], [-7.987148761749268], [-9.16865062713623]]"
google/flan-t5-xl,0.1,0,16,maxims,"You will read a short story that describes an everyday situation. Your task is to rate how possible a given interpretation is of an utterance by a character in the story.Lars and Katy are discussing their CEO. Lars says: ""People regard our CEO Mr. Smith as a real intellectual."" Katy responds:""Sure, he is regarded as an intellectual by kindergarteners.""Why has Bob responded like this?
How would you rate the following answer: ","You will read a short story that describes an everyday situation. Your task is to rate how possible a given interpretation is of an utterance by a character in the story.
How would you rate the following answer: ",Why has Bob responded like this?,Katy thinks that Mr. Smith works at a kindergarten.,incorrect_nonliteral,possible,"very impossible, impossible, neutral, possible, very possible",2.473004857898789,incorrect_literal,"[[-9.762191772460938], [-11.973333358764648], [-11.263973236083984], [-10.19515609741211], [-11.563720703125]]","[[], [], [], [], []]","[[-9.753969192504883], [-11.436161041259766], [-10.641870498657227], [-8.43530559539795], [-10.238258361816406]]"
google/flan-t5-xl,0.1,0,16,maxims,"You will read a short story that describes an everyday situation. Your task is to rate how possible a given interpretation is of an utterance by a character in the story.Lars and Katy are discussing their CEO. Lars says: ""People regard our CEO Mr. Smith as a real intellectual."" Katy responds:""Sure, he is regarded as an intellectual by kindergarteners.""Why has Bob responded like this?
How would you rate the following answer: ","You will read a short story that describes an everyday situation. Your task is to rate how possible a given interpretation is of an utterance by a character in the story.
How would you rate the following answer: ",Why has Bob responded like this?,Katy knows that Mr. Smith's kids are kindergarteners.,incorrect_associate,possible,"very impossible, impossible, neutral, possible, very possible",2.533679702960525,incorrect_literal,"[[-10.816324234008789], [-11.859825134277344], [-10.80477523803711], [-11.307479858398438], [-12.76134204864502]]","[[], [], [], [], []]","[[-10.085268020629883], [-11.85362434387207], [-11.080337524414062], [-8.61349105834961], [-9.765979766845703]]"
google/flan-t5-xl,0.1,0,17,maxims,"You will read a short story that describes an everyday situation. Your task is to rate how possible a given interpretation is of an utterance by a character in the story.Samantha is talking with her dad about her fiance. Samantha notes: ""John is an innocent person."" Her dad replies:""Undoubtedly, as innocent as a saint.""Why has Bob responded like this?
How would you rate the following answer: ","You will read a short story that describes an everyday situation. Your task is to rate how possible a given interpretation is of an utterance by a character in the story.
How would you rate the following answer: ",Why has Bob responded like this?,Samantha's dad thinks that Samantha has an incorrect view of her fiance.,target,possible,"very impossible, impossible, neutral, possible, very possible",2.5545696497198778,incorrect_associate,"[[-9.94117259979248], [-11.276591300964355], [-10.313742637634277], [-10.398240089416504], [-11.572686195373535]]","[[], [], [], [], []]","[[-9.604686737060547], [-10.91893196105957], [-10.151883125305176], [-8.888442993164062], [-10.671142578125]]"
google/flan-t5-xl,0.1,0,17,maxims,"You will read a short story that describes an everyday situation. Your task is to rate how possible a given interpretation is of an utterance by a character in the story.Samantha is talking with her dad about her fiance. Samantha notes: ""John is an innocent person."" Her dad replies:""Undoubtedly, as innocent as a saint.""Why has Bob responded like this?
How would you rate the following answer: ","You will read a short story that describes an everyday situation. Your task is to rate how possible a given interpretation is of an utterance by a character in the story.
How would you rate the following answer: ",Why has Bob responded like this?,Samantha's dad thinks that Samantha's fiance is a saint.,incorrect_literal,possible,"very impossible, impossible, neutral, possible, very possible",2.800635847406898,incorrect_associate,"[[-9.801239013671875], [-12.101972579956055], [-11.53890609741211], [-10.043333053588867], [-10.690008163452148]]","[[], [], [], [], []]","[[-10.151411056518555], [-11.607805252075195], [-10.833446502685547], [-8.817996978759766], [-9.865785598754883]]"
google/flan-t5-xl,0.1,0,17,maxims,"You will read a short story that describes an everyday situation. Your task is to rate how possible a given interpretation is of an utterance by a character in the story.Samantha is talking with her dad about her fiance. Samantha notes: ""John is an innocent person."" Her dad replies:""Undoubtedly, as innocent as a saint.""Why has Bob responded like this?
How would you rate the following answer: ","You will read a short story that describes an everyday situation. Your task is to rate how possible a given interpretation is of an utterance by a character in the story.
How would you rate the following answer: ",Why has Bob responded like this?,Samantha's dad thinks that John is too religious. ,incorrect_nonliteral,possible,"very impossible, impossible, neutral, possible, very possible",2.1044535210346225,incorrect_associate,"[[-10.311453819274902], [-11.600666999816895], [-11.18210220336914], [-11.652761459350586], [-12.711790084838867]]","[[], [], [], [], []]","[[-9.851123809814453], [-11.043830871582031], [-10.09621810913086], [-8.969154357910156], [-11.030813217163086]]"
google/flan-t5-xl,0.1,0,17,maxims,"You will read a short story that describes an everyday situation. Your task is to rate how possible a given interpretation is of an utterance by a character in the story.Samantha is talking with her dad about her fiance. Samantha notes: ""John is an innocent person."" Her dad replies:""Undoubtedly, as innocent as a saint.""Why has Bob responded like this?
How would you rate the following answer: ","You will read a short story that describes an everyday situation. Your task is to rate how possible a given interpretation is of an utterance by a character in the story.
How would you rate the following answer: ",Why has Bob responded like this?,Samantha's dad is impressed with John's innocence.,incorrect_associate,possible,"very impossible, impossible, neutral, possible, very possible",3.0212698458424683,incorrect_associate,"[[-9.894087791442871], [-11.981010437011719], [-11.16518783569336], [-9.801227569580078], [-10.499605178833008]]","[[], [], [], [], []]","[[-9.790767669677734], [-11.230871200561523], [-10.547575950622559], [-8.84958267211914], [-10.39233112335205]]"
google/flan-t5-xl,0.1,0,18,maxims,"You will read a short story that describes an everyday situation. Your task is to rate how possible a given interpretation is of an utterance by a character in the story.Lenny is saying goodbye to his date Bianka. Lenny asks Bianka: ""Where do you live?"" Bianka responds:""I live on the moon.""Why has Bob responded like this?
How would you rate the following answer: ","You will read a short story that describes an everyday situation. Your task is to rate how possible a given interpretation is of an utterance by a character in the story.
How would you rate the following answer: ",Why has Bob responded like this?,"Bianka does not want Lenny to know her address.
",target,possible,"very impossible, impossible, neutral, possible, very possible",2.7428266107600012,target,"[[-10.236127853393555], [-11.44754409790039], [-10.883157730102539], [-10.382501602172852], [-11.346794128417969]]","[[], [], [], [], []]","[[-9.838521003723145], [-11.610871315002441], [-10.689608573913574], [-8.582205772399902], [-10.333498001098633]]"
google/flan-t5-xl,0.1,0,18,maxims,"You will read a short story that describes an everyday situation. Your task is to rate how possible a given interpretation is of an utterance by a character in the story.Lenny is saying goodbye to his date Bianka. Lenny asks Bianka: ""Where do you live?"" Bianka responds:""I live on the moon.""Why has Bob responded like this?
How would you rate the following answer: ","You will read a short story that describes an everyday situation. Your task is to rate how possible a given interpretation is of an utterance by a character in the story.
How would you rate the following answer: ",Why has Bob responded like this?,Bianka is an alien.,incorrect_literal,possible,"very impossible, impossible, neutral, possible, very possible",2.2813871272754644,target,"[[-9.720372200012207], [-11.625981330871582], [-11.506904602050781], [-10.646595001220703], [-11.370216369628906]]","[[], [], [], [], []]","[[-9.47922134399414], [-11.362481117248535], [-11.517376899719238], [-10.474627494812012], [-11.393783569335938]]"
google/flan-t5-xl,0.1,0,18,maxims,"You will read a short story that describes an everyday situation. Your task is to rate how possible a given interpretation is of an utterance by a character in the story.Lenny is saying goodbye to his date Bianka. Lenny asks Bianka: ""Where do you live?"" Bianka responds:""I live on the moon.""Why has Bob responded like this?
How would you rate the following answer: ","You will read a short story that describes an everyday situation. Your task is to rate how possible a given interpretation is of an utterance by a character in the story.
How would you rate the following answer: ",Why has Bob responded like this?,Bianka is not very well educated.,incorrect_nonliteral,possible,"very impossible, impossible, neutral, possible, very possible",2.175956201924086,target,"[[-10.36829662322998], [-11.557848930358887], [-10.960880279541016], [-11.60396671295166], [-12.81804370880127]]","[[], [], [], [], []]","[[-9.793962478637695], [-11.57454776763916], [-10.577414512634277], [-9.396210670471191], [-11.18274974822998]]"
google/flan-t5-xl,0.1,0,18,maxims,"You will read a short story that describes an everyday situation. Your task is to rate how possible a given interpretation is of an utterance by a character in the story.Lenny is saying goodbye to his date Bianka. Lenny asks Bianka: ""Where do you live?"" Bianka responds:""I live on the moon.""Why has Bob responded like this?
How would you rate the following answer: ","You will read a short story that describes an everyday situation. Your task is to rate how possible a given interpretation is of an utterance by a character in the story.
How would you rate the following answer: ",Why has Bob responded like this?,Bianka tries to make Lenny angry with her.,incorrect_associate,possible,"very impossible, impossible, neutral, possible, very possible",1.9849144137674997,target,"[[-10.2125825881958], [-11.442654609680176], [-11.289358139038086], [-11.882000923156738], [-12.682236671447754]]","[[], [], [], [], []]","[[-9.419694900512695], [-10.810330390930176], [-10.599108695983887], [-9.781315803527832], [-11.100509643554688]]"
google/flan-t5-xl,0.1,0,19,maxims,"You will read a short story that describes an everyday situation. Your task is to rate how possible a given interpretation is of an utterance by a character in the story.Annie and Kelly are discussing their plans for summer. Annie asks Kelly: ""How many books do you plan to read this summer?"" Kelly responds:""A million.""Why has Bob responded like this?
How would you rate the following answer: ","You will read a short story that describes an everyday situation. Your task is to rate how possible a given interpretation is of an utterance by a character in the story.
How would you rate the following answer: ",Why has Bob responded like this?,Kelly plans to devote a lot of time to reading this summer.,target,possible,"very impossible, impossible, neutral, possible, very possible",3.375576680061959,target,"[[-10.153749465942383], [-11.725030899047852], [-11.07364559173584], [-9.51674747467041], [-10.150064468383789]]","[[], [], [], [], []]","[[-10.482316017150879], [-11.973739624023438], [-10.942277908325195], [-7.928467750549316], [-9.174736976623535]]"
google/flan-t5-xl,0.1,0,19,maxims,"You will read a short story that describes an everyday situation. Your task is to rate how possible a given interpretation is of an utterance by a character in the story.Annie and Kelly are discussing their plans for summer. Annie asks Kelly: ""How many books do you plan to read this summer?"" Kelly responds:""A million.""Why has Bob responded like this?
How would you rate the following answer: ","You will read a short story that describes an everyday situation. Your task is to rate how possible a given interpretation is of an utterance by a character in the story.
How would you rate the following answer: ",Why has Bob responded like this?,Kelly has made a list of books to read that contains one million titles.,incorrect_literal,possible,"very impossible, impossible, neutral, possible, very possible",2.6465892262620208,target,"[[-10.07856559753418], [-12.03307819366455], [-11.25506591796875], [-10.459416389465332], [-11.28479290008545]]","[[], [], [], [], []]","[[-9.762697219848633], [-11.330728530883789], [-10.968782424926758], [-9.164814949035645], [-9.839191436767578]]"
google/flan-t5-xl,0.1,0,19,maxims,"You will read a short story that describes an everyday situation. Your task is to rate how possible a given interpretation is of an utterance by a character in the story.Annie and Kelly are discussing their plans for summer. Annie asks Kelly: ""How many books do you plan to read this summer?"" Kelly responds:""A million.""Why has Bob responded like this?
How would you rate the following answer: ","You will read a short story that describes an everyday situation. Your task is to rate how possible a given interpretation is of an utterance by a character in the story.
How would you rate the following answer: ",Why has Bob responded like this?,Kelly cannot count very well.,incorrect_nonliteral,possible,"very impossible, impossible, neutral, possible, very possible",2.764641953248601,target,"[[-10.230440139770508], [-11.568707466125488], [-10.860061645507812], [-10.314196586608887], [-11.386235237121582]]","[[], [], [], [], []]","[[-9.58714771270752], [-11.229521751403809], [-10.33377456665039], [-9.325976371765137], [-10.955458641052246]]"
google/flan-t5-xl,0.1,0,19,maxims,"You will read a short story that describes an everyday situation. Your task is to rate how possible a given interpretation is of an utterance by a character in the story.Annie and Kelly are discussing their plans for summer. Annie asks Kelly: ""How many books do you plan to read this summer?"" Kelly responds:""A million.""Why has Bob responded like this?
How would you rate the following answer: ","You will read a short story that describes an everyday situation. Your task is to rate how possible a given interpretation is of an utterance by a character in the story.
How would you rate the following answer: ",Why has Bob responded like this?,Kelly is a pathological liar.,incorrect_associate,possible,"very impossible, impossible, neutral, possible, very possible",2.109352874322619,target,"[[-9.65977954864502], [-11.457540512084961], [-11.31767463684082], [-10.819291114807129], [-11.729708671569824]]","[[], [], [], [], []]","[[-9.483787536621094], [-11.19992446899414], [-10.749160766601562], [-9.328208923339844], [-10.773078918457031]]"
